Startup_Name,Industry,Sub_Industry,Business_Model_Type,Tech_Keywords,Year,Funding_Amount,Funding_Round,Investment_Stage,Investor_Names,Location,City,Canton,Founded_Year,Employees,Website
Lobby,AI/ML,AI/ML,Unknown,AI,2026,2.2M USD,Undisclosed,Series A,,Switzerland,,,,,
DeltaSpark,CLEANTECH,Climate Tech,Unknown,"Cleantech, AR/VR",2026,150.0K CHF,Undisclosed,Seed,Venture Kick,Switzerland,,,,,
Plair,AI/ML,AI/ML,Unknown,AI,2026,1.0M CHF,Undisclosed,Series A,,Switzerland,,,,,
PANDA,HEALTHCARE,Biotech,Unknown,"Biotech, AR/VR",2026,40.0K CHF,Undisclosed,Pre-Seed,Venture Kick,Switzerland,,,,,
SolidWatts,AI/ML,AI/ML,B2B,"AI, Cleantech",2026,1.8M CHF,Undisclosed,Series A,,Switzerland,,,,,
PAVE,AI/ML,AI/ML,Unknown,AI,2026,40.0M USD,Undisclosed,Growth,,Switzerland,,,,,
NanoZymeX,Unknown,,Unknown,AR/VR,2026,150.0K CHF,Undisclosed,Seed,Venture Kick,Switzerland,,,,,
Scait,AI/ML,AI/ML,Unknown,AI,2026,40.0K CHF,Undisclosed,Pre-Seed,Venture Kick,Switzerland,,,,,
Kandou,AI/ML,AI/ML,Unknown,AI,2026,225.0M USD,Undisclosed,Growth,,Switzerland,,,,,
Inside,Unknown,,Unknown,,2026,,Undisclosed,Early Stage,,Switzerland,,,,,
Rivia,HEALTHCARE,,Unknown,"AI, Healthtech",2026,15.0M USD,Series A,Series A,,Switzerland,,,,,
Rhonexum,Unknown,,Unknown,,2026,1.0M USD,Funding Round,Series A,,Switzerland,,,,,
Dexterous,Unknown,,Unknown,,2026,150.0K CHF,Undisclosed,Seed,Venture Kick,Switzerland,,,,,
Foldcast,CLEANTECH,Climate Tech,Unknown,"Cleantech, AR/VR",2026,40.0K CHF,Undisclosed,Pre-Seed,Venture Kick,Switzerland,,,,,
Alpi,FINTECH,Insurance,Unknown,"AI, Robotics",2026,40.0K CHF,Undisclosed,Pre-Seed,Venture Kick,Switzerland,,,,,
Seprify,AI/ML,AI/ML,Unknown,AI,2026,12.25M CHF,Undisclosed,Series C,,Switzerland,,,,,
RAROG,Unknown,,Unknown,AR/VR,2026,40.0K CHF,Undisclosed,Pre-Seed,Venture Kick,Switzerland,,,,,
Pregnolia,Unknown,,Unknown,,2026,,Funding Round,Early Stage,,Switzerland,,,,,
Alithea,Unknown,,Unknown,"Biotech, AR/VR",2026,6.9M CHF,Seed,Seed,,Switzerland,,,,,
RheoCarti,Unknown,,Unknown,AR/VR,2026,40.0K CHF,Undisclosed,Pre-Seed,Venture Kick,Switzerland,,,,,
Maus,AGTECH,,Unknown,Robotics,2026,40.0K CHF,Undisclosed,Pre-Seed,Venture Kick,Switzerland,,,,,
Doxomed,HEALTHCARE,,B2B,"SaaS, Healthtech, AR/VR",2026,40.0K CHF,Undisclosed,Pre-Seed,Venture Kick,Switzerland,,,,,
Xsensio,HEALTHCARE,,Unknown,"AI, Healthtech",2026,7.0M USD,Series A,Series A,,Switzerland,,,,,
LESS,AI/ML,AI/ML,Unknown,AI,2026,22.0M USD,Series C,Series C,,Switzerland,,,,,
Fainite,AI/ML,AI/ML,Unknown,AI,2026,150.0K CHF,Undisclosed,Seed,Venture Kick,Switzerland,,,,,
Verretex,Unknown,,Unknown,AR/VR,2026,1.2M CHF,Undisclosed,Series A,,Switzerland,,,,,
Clee,HEALTHCARE,MedTech,Unknown,"AI, Healthtech",2026,,Seed,Seed,,Switzerland,,,,,
Billion,Unknown,,Unknown,AR/VR,2026,10.0B CHF,Undisclosed,Growth,,Switzerland,,,,,
Ranked,FINTECH,,Unknown,AR/VR,2026,,Venture Kick Grant,Pre-Seed,,Switzerland,,,,,
STIMIT,HEALTHCARE,,Unknown,Healthtech,2026,,Undisclosed,Early Stage,,Switzerland,,,,,
Baio,SOFTWARE,SaaS,B2B,"AI, SaaS, AR/VR",2026,40.0K CHF,Undisclosed,Pre-Seed,Venture Kick,Switzerland,,,,,
Dental,INDUSTRIALS,,Unknown,Robotics,2026,40.0K CHF,Undisclosed,Pre-Seed,Venture Kick,Switzerland,,,,,
Baxiva,MOBILITY,Electric Vehicles,Unknown,,2026,150.0K CHF,Undisclosed,Seed,Venture Kick,Switzerland,,,,,
Rapidata,AI/ML,AI/ML,Unknown,AI,2026,8.5M USD,Undisclosed,Series B,,Switzerland,,,,,
Optiml,AI/ML,AI/ML,Unknown,AI,2026,8.0M EUR,Undisclosed,Series B,,Switzerland,,,,,
CompPair,AI/ML,AI/ML,Unknown,AI,2026,,Funding Round,Early Stage,,Switzerland,,,,,
ALP,SOFTWARE,SaaS,B2B,"AI, SaaS",2026,40.0K CHF,Undisclosed,Pre-Seed,Venture Kick,Switzerland,,,,,
Demo,Unknown,,Unknown,AR/VR,2026,,Undisclosed,Early Stage,,Switzerland,,,,,
Winduction,AI/ML,AI/ML,Unknown,"AI, AR/VR",2026,1.15M CHF,Undisclosed,Series A,,Switzerland,,,,,
OOVIE,Unknown,,Unknown,,2026,150.0K CHF,Undisclosed,Seed,Venture Kick,Switzerland,,,,,
Subatron,Unknown,,Unknown,,2026,40.0K CHF,Undisclosed,Pre-Seed,Venture Kick,Switzerland,,,,,
PIN,SOFTWARE,,Unknown,AI,2026,40.0K CHF,Undisclosed,Pre-Seed,Venture Kick,Switzerland,,,,,
Augetik,INDUSTRIALS,,B2B,,2026,40.0K CHF,Undisclosed,Pre-Seed,Venture Kick,Switzerland,,,,,
Rhonexum,MOBILITY,Electric Vehicles,Unknown,AR/VR,2026,40.0K CHF,Undisclosed,Pre-Seed,Venture Kick,Switzerland,,,,,
Binabik,AI/ML,AI/ML,Unknown,AI,2026,40.0K CHF,Undisclosed,Pre-Seed,Venture Kick,Switzerland,,,,,
Two,CLEANTECH,,B2B,AR/VR,2026,,Funding Round,Early Stage,,Switzerland,,,,,
Chiral,AI/ML,AI/ML,Unknown,AI,2026,12.0M USD,Undisclosed,Series C,,Switzerland,,,,,
Haelixa,Unknown,,Unknown,,2026,2.0M EUR,Undisclosed,Series A,,Switzerland,,,,,
SunWays,AI/ML,AI/ML,Unknown,"AI, Cleantech, AR/VR",2026,,Undisclosed,Early Stage,,Switzerland,,,,,
DiploTools,AI/ML,AI/ML,Unknown,AI,2026,150.0K CHF,Undisclosed,Seed,Venture Kick,Switzerland,,,,,
Billion,Unknown,,Unknown,AR/VR,2026,1.25B CHF,Venture Kick Grant,Pre-Seed,,Switzerland,,,,,
SurgExplore,SOFTWARE,SaaS,B2B,"AI, SaaS",2026,40.0K CHF,Undisclosed,Pre-Seed,Venture Kick,Switzerland,,,,,
Innunity,HEALTHCARE,Pharma,Unknown,Biotech,2026,40.0K CHF,Undisclosed,Pre-Seed,Venture Kick,Switzerland,,,,,
Immitra,Unknown,,Unknown,,2026,40.0K CHF,Undisclosed,Pre-Seed,Venture Kick,Switzerland,,,,,
Under,MOBILITY,Electric Vehicles,Unknown,,2026,150.0K CHF,Undisclosed,Seed,Venture Kick,Switzerland,,,,,
SWISSto12,AI/ML,AI/ML,B2B,AI,2026,100.0M EUR,Undisclosed,Growth,,Switzerland,,,,,
DistalMotion,Unknown,,Unknown,,2026,,Funding Round,Early Stage,,Switzerland,,,,,
FluoSphera,HEALTHCARE,,B2B,"AI, SaaS, Healthtech",2026,1.15M CHF,Undisclosed,Series A,,Switzerland,,,,,
Nuncs,Unknown,,Unknown,,2026,2.15M USD,Undisclosed,Series A,,Switzerland,,,,,
Taskbase,EDUCATION,,Unknown,AR/VR,2026,,Undisclosed,Early Stage,,Switzerland,,,,,
SCALE,Unknown,,Unknown,"IoT, AR/VR",2025,150.0K CHF,Undisclosed,Seed,Venture Kick,Switzerland,,,,,
DNA,HEALTHCARE,Biotech,Unknown,"AI, Biotech, Healthtech, Robotics, AR/VR",2025,10.0K CHF,Undisclosed,Pre-Seed,,Switzerland,,,,,
AIdriven,AI/ML,AI/ML,Unknown,"AI, Robotics, AR/VR",2025,10.0K CHF,Undisclosed,Pre-Seed,,Switzerland,,,,,
Gallium,SOFTWARE,SaaS,B2B,"SaaS, Robotics, AR/VR",2025,40.0K CHF,Undisclosed,Pre-Seed,,Switzerland,,,,,
Investor,Unknown,,Unknown,AR/VR,2025,,Funding Round,Early Stage,,Switzerland,,,,,
PeelPack,Unknown,,Unknown,,2025,150.0K CHF,Undisclosed,Seed,Venture Kick,Switzerland,,,,,
Neural,AI/ML,AI/ML,Unknown,AI,2025,100.0M USD,Series C,Series C,,Switzerland,,,,,
Ionic,AI/ML,AI/ML,B2B,AI,2025,2.1M USD,Undisclosed,Series A,,Switzerland,,,,,
Altiscreen,MOBILITY,Electric Vehicles,Unknown,Biotech,2025,150.0K CHF,Undisclosed,Seed,Venture Kick,Switzerland,,,,,
Soverli,MOBILITY,Electric Vehicles,Unknown,AR/VR,2025,2.6M USD,Undisclosed,Series A,,Switzerland,,,,,
DigeHealth,HEALTHCARE,,Unknown,Healthtech,2025,1.25M CHF,Seed,Seed,,Switzerland,,,,,
Corintis,Unknown,,Unknown,,2025,25.0M USD,Series A1,Series A,,Switzerland,,,,,
Oncobit,Unknown,,Unknown,,2025,1.9M CHF,Undisclosed,Series A,,Switzerland,,,,,
Reshape,AI/ML,AI/ML,Unknown,AI,2025,150.0K CHF,Undisclosed,Seed,Venture Kick,Switzerland,,,,,
Humbrela,FINTECH,Insurance,Unknown,,2025,150.0K CHF,Undisclosed,Seed,Venture Kick,Switzerland,,,,,
GIFs,AI/ML,AI/ML,Unknown,"AI, Biotech, AR/VR",2025,10.0K CHF,Undisclosed,Pre-Seed,,Switzerland,,,,,
Axy,SOFTWARE,SaaS,B2B,"AI, SaaS",2025,150.0K CHF,Undisclosed,Seed,Venture Kick,Switzerland,,,,,
Riverkin,Unknown,,Unknown,,2025,1.7M CHF,Undisclosed,Series A,,Switzerland,,,,,
AI,AI/ML,AI/ML,Unknown,"AI, AR/VR",2025,10.0K CHF,Funding Round,Pre-Seed,,Switzerland,,,,,
Photonics,Unknown,,Unknown,,2025,,Seed,Seed,,Switzerland,,,,,
Novaccess,Unknown,,Unknown,,2025,,Undisclosed,Early Stage,,Switzerland,,,,,
DEXTER,Unknown,,Unknown,,2025,150.0M USD,Undisclosed,Growth,,Switzerland,,,,,
Tasteomics,HEALTHCARE,,Unknown,Healthtech,2025,150.0K CHF,Undisclosed,Seed,Venture Kick,Switzerland,,,,,
Forgis,AI/ML,AI/ML,Unknown,AI,2025,4.5M USD,Undisclosed,Series B,,Switzerland,,,,,
PureDEL,Unknown,,Unknown,"Biotech, AR/VR",2025,150.0K CHF,Undisclosed,Seed,,Switzerland,,,,,
GlioCART,AI/ML,AI/ML,Unknown,"AI, AR/VR",2025,150.0K CHF,Undisclosed,Seed,Venture Kick,Switzerland,,,,,
Forgis,INDUSTRIALS,,B2B,,2025,150.0K CHF,Undisclosed,Seed,Venture Kick,Switzerland,,,,,
Virometix,Unknown,,Unknown,,2025,15.0M USD,Undisclosed,Series C,,Switzerland,,,,,
Autonomyo,Unknown,,Unknown,,2025,1.4M EUR,Funding Round,Series A,,Switzerland,,,,,
CASUS,Unknown,,Unknown,,2025,,Undisclosed,Early Stage,,Switzerland,,,,,
CO2,AI/ML,AI/ML,Unknown,"AI, AR/VR",2025,40.0K CHF,Undisclosed,Pre-Seed,,Switzerland,,,,,
BioVersys,HEALTHCARE,,Unknown,Healthtech,2025,14.0M CHF,Undisclosed,Series C,,Switzerland,,,,,
YQuantum,Unknown,,Unknown,AR/VR,2025,150.0K CHF,Undisclosed,Seed,Venture Kick,Switzerland,,,,,
BTRY,AI/ML,AI/ML,B2B,AI,2025,5.7M USD,Undisclosed,Series B,,Switzerland,,,,,
Series,SOFTWARE,SaaS,B2B,"AI, SaaS",2025,42.0M USD,Series A,Series A,,Switzerland,,,,,
Behind,Unknown,,Unknown,,2025,,Undisclosed,Early Stage,,Switzerland,,,,,
FireDrone,MOBILITY,Electric Vehicles,Unknown,,2025,150.0K CHF,Undisclosed,Seed,Venture Kick,Switzerland,,,,,
RetinAI,AI/ML,AI/ML,Unknown,"AI, AR/VR",2025,,Undisclosed,Early Stage,,Switzerland,,,,,
Mimic,AI/ML,AI/ML,Unknown,"AI, Robotics",2025,16.0M USD,Undisclosed,Series C,,Switzerland,,,,,
Tethys,ROBOTICS,Industrial Robotics,Unknown,Robotics,2025,3.5M EUR,Pre-Seed,Pre-Seed,,Switzerland,,,,,
ONWARD,HEALTHCARE,,Unknown,"AI, Healthtech, AR/VR",2025,50.85M EUR,Undisclosed,Growth,,Switzerland,,,,,
MoleSense,MOBILITY,Electric Vehicles,Unknown,AR/VR,2025,150.0K CHF,Undisclosed,Seed,Venture Kick,Switzerland,,,,,
Exnaton,SOFTWARE,SaaS,B2B,"AI, SaaS, Cleantech",2025,,Series A,Series A,,Switzerland,,,,,
Anevo,AI/ML,AI/ML,Unknown,AI,2025,,Pre-Seed,Pre-Seed,,Switzerland,,,,,
AIpowered,HEALTHCARE,MedTech,B2B,"AI, SaaS, Biotech, IoT, Healthtech, Robotics, AR/VR",2025,10.0K CHF,Undisclosed,Pre-Seed,,Switzerland,,,,,
AIdriven,SOFTWARE,,Unknown,"AI, AR/VR",2025,40.0K CHF,Undisclosed,Pre-Seed,,Switzerland,,,,,
AIdriven,AI/ML,AI/ML,Unknown,"AI, Cleantech, AR/VR",2025,40.0K CHF,Undisclosed,Pre-Seed,,Switzerland,,,,,
RetinAI,AI/ML,AI/ML,Unknown,"AI, AR/VR",2025,,Undisclosed,Early Stage,,Switzerland,,,,,
Neology,Unknown,,Unknown,,2025,2.5M CHF,Undisclosed,Series A,,Switzerland,,,,,
HemostOD,SOFTWARE,SaaS,B2B,"AI, SaaS",2025,4.3M CHF,Undisclosed,Series B,,Switzerland,,,,,
Behind,Unknown,,Unknown,,2025,,Undisclosed,Early Stage,,Switzerland,,,,,
FenX,AI/ML,AI/ML,Unknown,AI,2025,8.2M CHF,Undisclosed,Series B,,Switzerland,,,,,
Behind,Unknown,,Unknown,,2025,,Undisclosed,Early Stage,,Switzerland,,,,,
Germany,CLEANTECH,Energy,Unknown,"Cleantech, Robotics",2025,3.3M EUR,Funding Round,Series B,,Switzerland,,,,,
Bioscibex,HEALTHCARE,Pharma,B2B,"AI, AR/VR",2025,150.0K CHF,Undisclosed,Seed,,Switzerland,,,,,
Corintis,Unknown,,Unknown,,2025,24.0M USD,Undisclosed,Series C,,Switzerland,,,,,
Soverli,Unknown,,Unknown,AR/VR,2025,150.0K CHF,Undisclosed,Seed,,Switzerland,,,,,
Iron,CLEANTECH,Energy,Unknown,Cleantech,2025,150.0K CHF,Undisclosed,Seed,,Switzerland,,,,,
Top100,Unknown,,Unknown,AR/VR,2025,,Venture Kick Grant,Pre-Seed,,Switzerland,,,,,
Behind,Unknown,,Unknown,,2025,,Undisclosed,Early Stage,,Switzerland,,,,,
Lemna,Unknown,,Unknown,Biotech,2025,150.0K CHF,Undisclosed,Seed,,Switzerland,,,,,
PeriVision,AI/ML,AI/ML,Unknown,"AI, AR/VR",2025,2.4M CHF,Undisclosed,Series A,,Switzerland,,,,,
Behind,Unknown,,Unknown,,2025,,Undisclosed,Early Stage,,Switzerland,,,,,
Series,AEROSPACE,,Unknown,,2025,10.0M USD,Series A,Series A,,Switzerland,,,,,
Inkocell,HEALTHCARE,Biotech,Unknown,Biotech,2025,150.0K CHF,Undisclosed,Seed,,Switzerland,,,,,
ETH,Unknown,,Unknown,AR/VR,2025,,Undisclosed,Early Stage,,Switzerland,,,,,
CompPair,AI/ML,AI/ML,Unknown,"AI, AR/VR",2025,,Undisclosed,Early Stage,,Switzerland,,,,,
CO2,AI/ML,AI/ML,Unknown,"AI, AR/VR",2025,10.0K CHF,Undisclosed,Pre-Seed,,Switzerland,,,,,
Rhovica,MOBILITY,Electric Vehicles,Unknown,,2025,2.3M CHF,Funding Round,Series A,,Switzerland,,,,,
Baxiva,Unknown,,Unknown,,2025,3.0M USD,Undisclosed,Series B,,Switzerland,,,,,
AIdriven,SOFTWARE,,Unknown,"AI, Robotics, AR/VR",2025,10.0K CHF,Undisclosed,Pre-Seed,,Switzerland,,,,,
InkVivo,SOFTWARE,SaaS,B2B,"SaaS, Biotech",2025,1.1M CHF,Pre-Seed,Pre-Seed,,Switzerland,,,,,
Behind,Unknown,,Unknown,,2025,,Undisclosed,Early Stage,,Switzerland,,,,,
Inside,Unknown,,Unknown,,2025,1.0B USD,Undisclosed,Growth,,Switzerland,,,,,
Reshape,AI/ML,AI/ML,Unknown,AI,2025,800.0K CHF,Undisclosed,Series A,,Switzerland,,,,,
Imaging,Unknown,,Unknown,,2025,,Undisclosed,Early Stage,,Switzerland,,,,,
ASTRA,HEALTHCARE,Pharma,Unknown,"AI, Biotech, Healthtech, AR/VR",2025,7.75M CHF,Undisclosed,Series B,,Switzerland,,,,,
LiDAR,SOFTWARE,SaaS,B2B,"AI, SaaS, AR/VR",2025,10.0K CHF,Undisclosed,Pre-Seed,,Switzerland,,,,,
Jaipur,AI/ML,AI/ML,Unknown,"AI, Cleantech, Robotics",2025,150.0K CHF,Undisclosed,Seed,,Switzerland,,,,,
Medyria,MOBILITY,Electric Vehicles,Unknown,,2025,1.5M CHF,Undisclosed,Series A,,Switzerland,,,,,
Scanvio,AI/ML,AI/ML,Unknown,AI,2025,3.4M USD,Undisclosed,Series B,,Switzerland,,,,,
AzureCell,MOBILITY,Electric Vehicles,Unknown,AR/VR,2025,150.0K CHF,Undisclosed,Seed,,Switzerland,,,,,
Grensol,Unknown,,Unknown,AR/VR,2025,1.8M CHF,Undisclosed,Series A,,Switzerland,,,,,
CREAL,Unknown,,Unknown,AR/VR,2025,8.9M USD,Funding Round,Series B,,Switzerland,,,,,
Swiss,AI/ML,AI/ML,Unknown,"AI, AR/VR",2025,2.26M CHF,Undisclosed,Series A,,Switzerland,,,,,
Comphya,Unknown,,Unknown,,2025,7.5M CHF,Series A,Series A,,Switzerland,,,,,
Nautica,CLEANTECH,,Unknown,"Cleantech, Robotics",2025,4.0M USD,Undisclosed,Series B,,Switzerland,,,,,
Climeworks,Unknown,,Unknown,,2025,1.0B USD,Funding Round,Growth,,Switzerland,,,,,
Beekeeper,SOFTWARE,SaaS,B2B,SaaS,2025,1.0B USD,Undisclosed,Growth,,Switzerland,,,,,
Migros,Unknown,,Unknown,,2025,,Undisclosed,Early Stage,,Switzerland,,,,,
Adiposs,AI/ML,AI/ML,Unknown,AI,2025,4.0M CHF,Undisclosed,Series B,,Switzerland,,,,,
RTDT,SOFTWARE,SaaS,B2B,"SaaS, Cleantech",2025,4.0M USD,Pre-Seed,Pre-Seed,,Switzerland,,,,,
AIPowered,FINTECH,Insurance,B2B,"AI, SaaS, AR/VR",2025,40.0K CHF,Undisclosed,Pre-Seed,,Switzerland,,,,,
Glioblastoma,Unknown,,Unknown,AR/VR,2025,40.0K CHF,Undisclosed,Pre-Seed,,Switzerland,,,,,
Shootify,AI/ML,AI/ML,B2C,AI,2025,150.0K CHF,Undisclosed,Seed,Venture Kick,Switzerland,,,,,
KYLYS,HEALTHCARE,MedTech,Unknown,Healthtech,2025,1.0M CHF,Undisclosed,Series A,,Switzerland,,,,,
Fuels,AI/ML,AI/ML,Unknown,AI,2025,10.0K CHF,Funding Round,Pre-Seed,,Switzerland,,,,,
Myriad,Unknown,,Unknown,,2025,150.0K CHF,Undisclosed,Seed,,Switzerland,,,,,
Voliro,Unknown,,Unknown,,2025,23.0M USD,Series A,Series A,,Switzerland,,,,,
Odne,Unknown,,Unknown,,2025,,Undisclosed,Early Stage,,Switzerland,,,,,
Composite,Unknown,,Unknown,AR/VR,2025,,Undisclosed,Early Stage,,Switzerland,,,,,
Positrigo,AI/ML,AI/ML,Unknown,"AI, AR/VR",2025,7.0M CHF,Undisclosed,Series B,,Switzerland,,,,,
Sefit,HEALTHCARE,,Unknown,"IoT, Healthtech",2025,150.0K CHF,Undisclosed,Seed,,Switzerland,,,,,
ZuriEV,AI/ML,AI/ML,Unknown,AI,2025,150.0K CHF,Undisclosed,Seed,,Switzerland,,,,,
Inverto,CLEANTECH,Climate Tech,Unknown,"Cleantech, AR/VR",2025,,Undisclosed,Early Stage,,Switzerland,,,,,
AIpowered,AI/ML,AI/ML,B2B,"AI, Robotics",2025,40.0K CHF,Undisclosed,Pre-Seed,,Switzerland,,,,,
AIbased,AI/ML,AI/ML,Unknown,"AI, Biotech",2025,10.0K CHF,Undisclosed,Pre-Seed,,Switzerland,,,,,
Versive,AI/ML,AI/ML,Unknown,AI,2025,150.0K CHF,Undisclosed,Seed,,Switzerland,,,,,
Veltist,Unknown,,Unknown,AR/VR,2025,150.0K CHF,Undisclosed,Seed,,Switzerland,,,,,
Eight,Unknown,,Unknown,AR/VR,2025,,Undisclosed,Early Stage,,Switzerland,,,,,
DNAencoded,AEROSPACE,,Unknown,"Biotech, IoT, Robotics, AR/VR",2025,40.0K CHF,Undisclosed,Pre-Seed,,Switzerland,,,,,
CO2storage,SOFTWARE,SaaS,B2B,"SaaS, AR/VR",2025,10.0K CHF,Undisclosed,Pre-Seed,,Switzerland,,,,,
HAYA,HEALTHCARE,Biotech,Unknown,Biotech,2025,65.0M USD,Undisclosed,Growth,,Switzerland,,,,,
MetaLead,Unknown,,Unknown,,2025,1.0M CHF,Undisclosed,Series A,,Switzerland,,,,,
DePoly,Unknown,,Unknown,AR/VR,2025,23.0M USD,Funding Round,Series C,,Switzerland,,,,,
SONIX,SOFTWARE,SaaS,B2C,"AI, SaaS, Biotech",2025,,Undisclosed,Early Stage,,Switzerland,,,,,
AIPowered,FINTECH,Insurance,B2B,"AI, SaaS, AR/VR",2025,10.0K CHF,Undisclosed,Pre-Seed,,Switzerland,,,,,
AIdriven,SOFTWARE,SaaS,B2B,"AI, SaaS, Robotics",2025,40.0K CHF,Undisclosed,Pre-Seed,,Switzerland,,,,,
JOSEPHA,MOBILITY,Electric Vehicles,Unknown,,2025,150.0K CHF,Undisclosed,Seed,,Switzerland,,,,,
Sonix,AI/ML,AI/ML,B2C,AI,2025,1.8M CHF,Funding Round,Series A,,Switzerland,,,,,
UNOMR,Unknown,,Unknown,,2025,150.0K CHF,Undisclosed,Seed,,Switzerland,,,,,
AICA,AI/ML,AI/ML,B2B,AI,2025,,Funding Round,Early Stage,,Switzerland,,,,,
Mosaic,AI/ML,AI/ML,Unknown,AI,2025,150.0K CHF,Undisclosed,Seed,,Switzerland,,,,,
Bloom,AI/ML,AI/ML,Unknown,"AI, Cleantech",2025,13.0M CHF,Undisclosed,Series C,,Switzerland,,,,,
RoBoa,INDUSTRIALS,,B2B,Robotics,2025,150.0K CHF,Undisclosed,Seed,,Switzerland,,,,,
Time,CLEANTECH,,Unknown,,2025,,Venture Kick Grant,Pre-Seed,,Switzerland,,,,,
AIpowered,AI/ML,AI/ML,Unknown,"AI, Cleantech",2025,40.0K CHF,Undisclosed,Pre-Seed,,Switzerland,,,,,
REMUUN,Unknown,,Unknown,,2025,150.0K CHF,Undisclosed,Seed,,Switzerland,,,,,
Startups,AI/ML,AI/ML,Unknown,"AI, AR/VR",2025,10.0K CHF,Undisclosed,Pre-Seed,,Switzerland,,,,,
Clee,HEALTHCARE,,Unknown,"Healthtech, AR/VR",2025,150.0K CHF,Undisclosed,Seed,Venture Kick,Switzerland,,,,,
DPhi,AEROSPACE,,Unknown,AR/VR,2025,,Undisclosed,Early Stage,,Switzerland,,,,,
AICA,AI/ML,AI/ML,B2B,"AI, Robotics",2025,,Seed,Seed,,Switzerland,,,,,
Carewell,HEALTHCARE,,Unknown,"AI, Healthtech, AR/VR",2025,150.0K CHF,Undisclosed,Seed,,Switzerland,,,,,
Araris,HEALTHCARE,Biotech,Unknown,"AI, Biotech, IoT, AR/VR",2025,,Undisclosed,Early Stage,,Switzerland,,,,,
AIpowered,AI/ML,AI/ML,Unknown,AI,2025,6.0M USD,Undisclosed,Series B,,Switzerland,,,,,
AI,AI/ML,AI/ML,Unknown,AI,2025,40.0K CHF,Undisclosed,Pre-Seed,,Switzerland,,,,,
Jaipur,AI/ML,AI/ML,Unknown,"AI, Robotics",2025,700.0K CHF,Pre-Seed,Pre-Seed,,Switzerland,,,,,
Beekeeper,SOFTWARE,SaaS,B2B,SaaS,2025,35.0M USD,Undisclosed,Growth,,Switzerland,,,,,
Startups,AI/ML,AI/ML,B2B,"AI, Robotics, AR/VR",2025,10.0K CHF,Funding Round,Pre-Seed,,Switzerland,,,,,
Composite,Unknown,,Unknown,AR/VR,2025,,Undisclosed,Early Stage,,Switzerland,,,,,
DuraMon,Unknown,,Unknown,,2025,1.6M CHF,Seed,Seed,,Switzerland,,,,,
AImonitored,HEALTHCARE,Biotech,B2B,"AI, SaaS, Biotech, Healthtech, Robotics, AR/VR",2025,10.0K CHF,Undisclosed,Pre-Seed,,Switzerland,,,,,
Startups,SOFTWARE,SaaS,B2B,"AI, SaaS, IoT, Robotics, AR/VR",2025,10.0K CHF,Undisclosed,Pre-Seed,,Switzerland,,,,,
EVs,CLEANTECH,Energy,Unknown,"Cleantech, AR/VR",2025,40.0K CHF,Undisclosed,Pre-Seed,,Switzerland,,,,,
Technis,Unknown,,Unknown,,2025,,Undisclosed,Early Stage,,Switzerland,,,,,
CellX,Unknown,,Unknown,,2025,1.7M CHF,Pre-Seed,Pre-Seed,,Switzerland,,,,,
Comphya,HEALTHCARE,,Unknown,Healthtech,2025,4.35M CHF,Series A,Series A,,Switzerland,,,,,
Verretex,AI/ML,AI/ML,Unknown,"AI, AR/VR",2025,150.0K CHF,Undisclosed,Seed,,Switzerland,,,,,
DPhi,AI/ML,AI/ML,Unknown,AI,2025,2.1M CHF,Undisclosed,Series A,,Switzerland,,,,,
Mimic,ROBOTICS,,Unknown,Robotics,2025,150.0K CHF,Undisclosed,Seed,Venture Kick,Switzerland,,,,,
Startups,HEALTHCARE,Digital Health,B2B,"AI, Biotech, Healthtech, Robotics, AR/VR",2025,10.0K CHF,Undisclosed,Pre-Seed,,Switzerland,,,,,
RoomPriceGenie,Unknown,,Unknown,Biotech,2025,75.0M USD,Funding Round,Growth,,Switzerland,,,,,
OptimalPSI,HEALTHCARE,Digital Health,Unknown,Healthtech,2025,150.0K CHF,Undisclosed,Seed,,Switzerland,,,,,
BioVersys,Unknown,,Unknown,,2025,,Undisclosed,Early Stage,,Switzerland,,,,,
Scanvio,Unknown,,Unknown,,2025,150.0K CHF,Undisclosed,Seed,,Switzerland,,,,,
SAEKI,AI/ML,AI/ML,B2B,"AI, AR/VR",2025,6.7M USD,Undisclosed,Series B,,Switzerland,,,,,
Sylvester,SOFTWARE,SaaS,B2B,"AI, SaaS, AR/VR",2025,7.5M USD,Series A,Series A,,Switzerland,,,,,
Akina,AI/ML,AI/ML,Unknown,"AI, IoT",2025,2.8M CHF,Undisclosed,Series A,,Switzerland,,,,,
Lightium,AI/ML,AI/ML,Unknown,"AI, AR/VR",2025,150.0K CHF,Undisclosed,Seed,,Switzerland,,,,,
VRbased,SOFTWARE,SaaS,B2C,"SaaS, AR/VR",2025,40.0K CHF,Undisclosed,Pre-Seed,,Switzerland,,,,,
Startups,AI/ML,AI/ML,Unknown,"AI, AR/VR",2025,10.0K CHF,Undisclosed,Pre-Seed,,Switzerland,,,,,
Oxyle,Unknown,,Unknown,,2025,16.0M USD,Undisclosed,Series C,,Switzerland,,,,,
Helix,MOBILITY,Electric Vehicles,Unknown,Robotics,2025,150.0K CHF,Undisclosed,Seed,Venture Kick,Switzerland,,,,,
BioVersys,Unknown,,Unknown,AR/VR,2025,36.0K CHF,Undisclosed,Pre-Seed,,Switzerland,,,,,
Voltiris,CLEANTECH,,Unknown,,2025,4.8M CHF,Seed,Seed,,Switzerland,,,,,
Billion,Unknown,,Unknown,AR/VR,2025,9.0B CHF,Venture Kick Grant,Pre-Seed,,Switzerland,,,,,
EBAMed,Unknown,,Unknown,,2025,1.6M EUR,Series A,Series A,,Switzerland,,,,,
Startups,AI/ML,AI/ML,Unknown,"AI, Cleantech, AR/VR",2025,10.0K CHF,Undisclosed,Pre-Seed,,Switzerland,,,,,
SolidWatts,INDUSTRIALS,,B2B,Cleantech,2025,850.0K EUR,Pre-Seed,Pre-Seed,,Switzerland,,,,,
Swiss,HEALTHCARE,Biotech,Unknown,"Biotech, IoT, AR/VR",2025,,Undisclosed,Early Stage,,Switzerland,,,,,
PreSeed,CLEANTECH,Energy,Unknown,Cleantech,2025,1.3M CHF,Pre-Seed,Pre-Seed,,Switzerland,,,,,
Daphne,Unknown,,Unknown,,2025,6.0M USD,Undisclosed,Series B,,Switzerland,,,,,
Borobotics,ROBOTICS,,Unknown,Robotics,2025,1.3M CHF,Undisclosed,Series A,,Switzerland,,,,,
EVIIVE,HEALTHCARE,MedTech,Unknown,Healthtech,2024,150.0K CHF,Undisclosed,Seed,,Switzerland,,,,,
Actival,Unknown,,Unknown,,2024,150.0K CHF,Undisclosed,Seed,Venture Kick,Switzerland,,,,,
Swiss,Unknown,,Unknown,AR/VR,2024,,Undisclosed,Early Stage,,Switzerland,,,,,
Startups,HEALTHCARE,Biotech,Unknown,"AI, Healthtech, Cleantech, AR/VR",2024,10.0K CHF,Undisclosed,Pre-Seed,,Switzerland,,,,,
AIdriven,AI/ML,AI/ML,B2B,"AI, Robotics",2024,40.0K CHF,Undisclosed,Pre-Seed,,Switzerland,,,,,
Neuria,HEALTHCARE,Digital Health,Unknown,"AI, Healthtech",2024,150.0K CHF,Undisclosed,Seed,,Switzerland,,,,,
Insight,MOBILITY,Electric Vehicles,Unknown,,2024,1.0M CHF,Undisclosed,Series A,,Switzerland,,,,,
Deep,Unknown,,Unknown,AR/VR,2024,,Undisclosed,Early Stage,,Switzerland,,,,,
BLEEDnFIRE,HEALTHCARE,Pharma,Unknown,"AI, Biotech",2024,150.0K CHF,Undisclosed,Seed,,Switzerland,,,,,
Swiss,AGTECH,,Unknown,AR/VR,2024,,Undisclosed,Early Stage,,Switzerland,,,,,
Lichtsteiner,HEALTHCARE,,Unknown,"Healthtech, AR/VR",2024,,Undisclosed,Early Stage,,Switzerland,,,,,
Startups,SOFTWARE,SaaS,B2B,"SaaS, AR/VR",2024,10.0K CHF,Undisclosed,Pre-Seed,,Switzerland,,,,,
KITRO,AGTECH,,Unknown,,2024,,Funding Round,Early Stage,,Switzerland,,,,,
Splint,Unknown,,Unknown,AR/VR,2024,2.5M CHF,Funding Round,Series A,,Switzerland,,,,,
CALDRE,HEALTHCARE,Pharma,Unknown,"AI, Biotech",2024,150.0K CHF,Undisclosed,Seed,,Switzerland,,,,,
Oncobit,Unknown,,Unknown,,2024,1.47M CHF,Series A,Series A,,Switzerland,,,,,
Grensol,AI/ML,AI/ML,Unknown,AI,2024,150.0K CHF,Undisclosed,Seed,,Switzerland,,,,,
Spectroplast,Unknown,,Unknown,,2024,,Series A,Series A,,Switzerland,,,,,
Startups,AI/ML,AI/ML,Unknown,"AI, Cleantech, AR/VR",2024,10.0K CHF,Undisclosed,Pre-Seed,,Switzerland,,,,,
InSphero,Unknown,,Unknown,,2024,,Undisclosed,Early Stage,,Switzerland,,,,,
Nanoleq,HEALTHCARE,,Unknown,"Healthtech, AR/VR",2024,,Undisclosed,Early Stage,,Switzerland,,,,,
Almer,INDUSTRIALS,,B2B,AR/VR,2024,,Undisclosed,Early Stage,,Switzerland,,,,,
Shape,HEALTHCARE,Pharma,Unknown,AR/VR,2024,150.0K CHF,Undisclosed,Seed,,Switzerland,,,,,
Nerai,AI/ML,AI/ML,Unknown,AI,2024,150.0K CHF,Undisclosed,Seed,,Switzerland,,,,,
Ionic,AI/ML,AI/ML,Unknown,AI,2024,150.0K CHF,Undisclosed,Seed,,Switzerland,,,,,
CellX,Unknown,,Unknown,,2024,150.0K CHF,Undisclosed,Seed,,Switzerland,,,,,
FDA,ROBOTICS,,Unknown,"Robotics, AR/VR",2024,,Undisclosed,Early Stage,,Switzerland,,,,,
WasteFlow,AI/ML,AI/ML,Unknown,AI,2024,150.0K CHF,Undisclosed,Seed,,Switzerland,,,,,
Sentinus,Unknown,,Unknown,,2024,150.0K CHF,Undisclosed,Seed,,Switzerland,,,,,
Startups,SOFTWARE,SaaS,B2C,"SaaS, Cleantech, AR/VR",2024,10.0K CHF,Undisclosed,Pre-Seed,,Switzerland,,,,,
Startups,MOBILITY,Electric Vehicles,Unknown,AR/VR,2024,10.0K CHF,Undisclosed,Pre-Seed,,Switzerland,,,,,
ONWARD,HEALTHCARE,,Unknown,"Healthtech, AR/VR",2024,50.0M EUR,Undisclosed,Growth,,Switzerland,,,,,
Optiverse,AI/ML,AI/ML,Unknown,AI,2024,150.0K CHF,Undisclosed,Seed,,Switzerland,,,,,
Sallea,Unknown,,Unknown,,2024,2.6M USD,Pre-Seed,Pre-Seed,,Switzerland,,,,,
Ikerian,AI/ML,AI/ML,Unknown,AI,2024,8.0M USD,Series B,Series B,,Switzerland,,,,,
RTDT,Unknown,,Unknown,,2024,150.0K CHF,Undisclosed,Seed,,Switzerland,,,,,
Lymphatica,HEALTHCARE,MedTech,Unknown,AI,2024,17.9M EUR,Series B,Series B,,Switzerland,,,,,
Eldico,Unknown,,Unknown,,2024,,Funding Round,Early Stage,,Switzerland,,,,,
Lighthouse,AI/ML,AI/ML,Unknown,AI,2024,150.0K CHF,Undisclosed,Seed,,Switzerland,,,,,
Voliro,AI/ML,AI/ML,B2B,"AI, Robotics",2024,12.0M USD,Series A,Series A,,Switzerland,,,,,
TranslationX,Unknown,,Unknown,,2024,150.0K CHF,Undisclosed,Seed,,Switzerland,,,,,
Luya,AI/ML,AI/ML,Unknown,AI,2024,5.0M CHF,Undisclosed,Series B,,Switzerland,,,,,
TOP,Unknown,,Unknown,AR/VR,2024,,Venture Kick Grant,Pre-Seed,,Switzerland,,,,,
Synple,Unknown,,Unknown,,2024,,Undisclosed,Early Stage,,Switzerland,,,,,
Startups,HEALTHCARE,Digital Health,B2B,"AI, SaaS, Biotech, Healthtech, Robotics, AR/VR",2024,10.0K CHF,Undisclosed,Pre-Seed,,Switzerland,,,,,
ValTech,HEALTHCARE,Biotech,Unknown,"Healthtech, AR/VR",2024,150.0K CHF,Undisclosed,Seed,,Switzerland,,,,,
Lightium,AI/ML,AI/ML,Unknown,AI,2024,7.0M USD,Undisclosed,Series B,,Switzerland,,,,,
Perovskia,AI/ML,AI/ML,Unknown,"AI, Cleantech, AR/VR",2024,2.4M USD,Funding Round,Series A,,Switzerland,,,,,
Rrreefs,Unknown,,Unknown,AR/VR,2024,,Undisclosed,Early Stage,,Switzerland,,,,,
Almer,Unknown,,Unknown,AR/VR,2024,3.0M USD,Funding Round,Series B,,Switzerland,,,,,
Abrinca,AI/ML,AI/ML,Unknown,"AI, Biotech, AR/VR",2024,150.0K CHF,Undisclosed,Seed,,Switzerland,,,,,
Distalmotion,ROBOTICS,,Unknown,Robotics,2024,,Funding Round,Early Stage,,Switzerland,,,,,
Bioversys,HEALTHCARE,,Unknown,Healthtech,2024,6.0M USD,Funding Round,Series B,,Switzerland,,,,,
CREAL,Unknown,,Unknown,AR/VR,2024,,Undisclosed,Early Stage,,Switzerland,,,,,
HAYA,HEALTHCARE,Biotech,B2B,"SaaS, Biotech, AR/VR",2024,1.0B USD,Undisclosed,Growth,,Switzerland,,,,,
Startups,FINTECH,Crypto,Unknown,"AI, Fintech, Healthtech, AR/VR",2024,10.0K CHF,Undisclosed,Pre-Seed,,Switzerland,,,,,
Nunuai,AI/ML,AI/ML,Unknown,AI,2024,2.0M USD,Pre-Seed,Pre-Seed,,Switzerland,,,,,
Swiss,AI/ML,AI/ML,Unknown,"AI, AR/VR",2024,1.6M CHF,Undisclosed,Series A,,Switzerland,,,,,
Startups,SOFTWARE,SaaS,B2B,"SaaS, IoT, AR/VR",2024,10.0K CHF,Undisclosed,Pre-Seed,,Switzerland,,,,,
Octotronic,Unknown,,Unknown,,2024,,Undisclosed,Early Stage,,Switzerland,,,,,
GraphEnergyTech,CLEANTECH,Energy,Unknown,"Cleantech, AR/VR",2024,1.1M CHF,Undisclosed,Series A,,Switzerland,,,,,
Building,Unknown,,Unknown,AR/VR,2024,,Undisclosed,Early Stage,,Switzerland,,,,,
DemoSquare,AI/ML,AI/ML,Unknown,"AI, AR/VR",2024,1.2M CHF,Pre-Seed,Pre-Seed,,Switzerland,,,,,
NematX,INDUSTRIALS,,B2B,,2024,,Undisclosed,Early Stage,,Switzerland,,,,,
Regenosca,Unknown,,Unknown,,2024,1.0M CHF,Pre-Seed,Pre-Seed,,Switzerland,,,,,
Flink,INDUSTRIALS,,B2B,Robotics,2024,150.0K CHF,Undisclosed,Seed,,Switzerland,,,,,
Amporin,HEALTHCARE,Pharma,Unknown,"Biotech, AR/VR",2024,150.0K CHF,Undisclosed,Seed,,Switzerland,,,,,
Startups,CLEANTECH,Climate Tech,Unknown,"IoT, Cleantech, AR/VR",2024,10.0K CHF,Undisclosed,Pre-Seed,,Switzerland,,,,,
BTRY,CLEANTECH,Energy,Unknown,Cleantech,2024,150.0K CHF,Undisclosed,Seed,,Switzerland,,,,,
Similarweb,SOFTWARE,,Unknown,AR/VR,2024,,Undisclosed,Early Stage,,Switzerland,,,,,
WattAnyWhere,Unknown,,Unknown,AR/VR,2024,2.2M CHF,Seed,Seed,,Switzerland,,,,,
ETH,Unknown,,Unknown,AR/VR,2024,1.8M CHF,Seed,Seed,,Switzerland,,,,,
Startups,HEALTHCARE,Digital Health,Unknown,"AI, Healthtech, AR/VR",2024,10.0K CHF,Undisclosed,Pre-Seed,,Switzerland,,,,,
Calico,HEALTHCARE,Digital Health,Unknown,"Biotech, Healthtech",2024,150.0K CHF,Undisclosed,Seed,,Switzerland,,,,,
NXI,HEALTHCARE,Pharma,Unknown,"AI, Biotech",2024,3.5M CHF,Pre-Seed,Pre-Seed,,Switzerland,,,,,
DeepJudge,MOBILITY,Electric Vehicles,Unknown,AR/VR,2024,10.7M USD,Seed,Seed,,Switzerland,,,,,
IMAI,AI/ML,AI/ML,Unknown,AI,2024,150.0K CHF,Undisclosed,Seed,,Switzerland,,,,,
Rivia,HEALTHCARE,Biotech,Unknown,"Biotech, IoT",2024,3.0M EUR,Seed,Seed,,Switzerland,,,,,
Sensars,MOBILITY,Electric Vehicles,Unknown,AR/VR,2024,1.1M EUR,Funding Round,Series A,,Switzerland,,,,,
EMPath,AI/ML,AI/ML,Unknown,AI,2024,150.0K CHF,Undisclosed,Seed,,Switzerland,,,,,
Startups,HEALTHCARE,,B2C,"AI, IoT, Healthtech, Robotics, AR/VR",2024,10.0K CHF,Undisclosed,Pre-Seed,,Switzerland,,,,,
Swiss,FINTECH,,Unknown,"Fintech, AR/VR",2024,2.5M CHF,Seed,Seed,,Switzerland,,,,,
Microcaps,Unknown,,Unknown,AR/VR,2024,9.3M CHF,Series A,Series A,,Switzerland,,,,,
Synthara,SOFTWARE,,Unknown,"AI, AR/VR",2024,11.0M USD,Undisclosed,Series C,,Switzerland,,,,,
Neural,SOFTWARE,SaaS,B2B,"AI, SaaS, AR/VR",2024,27.0M USD,Series B,Series B,,Switzerland,,,,,
Orio,HEALTHCARE,Biotech,Unknown,"AI, Biotech",2024,150.0K CHF,Undisclosed,Seed,,Switzerland,,,,,
Startups,HEALTHCARE,Digital Health,Unknown,"Biotech, Healthtech, Robotics, AR/VR",2024,10.0K CHF,Undisclosed,Pre-Seed,,Switzerland,,,,,
DemoSquare,AI/ML,AI/ML,B2B,"AI, AR/VR",2024,150.0K CHF,Undisclosed,Seed,,Switzerland,,,,,
DAAV,MOBILITY,,Unknown,,2024,1.0M CHF,Funding Round,Series A,,Switzerland,,,,,
Startups,AI/ML,AI/ML,B2B,"AI, Biotech, Cleantech, AR/VR",2024,10.0K CHF,Undisclosed,Pre-Seed,,Switzerland,,,,,
Limula,INDUSTRIALS,,B2B,,2024,6.8M USD,Undisclosed,Series B,,Switzerland,,,,,
Correntics,CLEANTECH,Climate Tech,Unknown,"Cleantech, AR/VR",2024,1.5M EUR,Undisclosed,Series A,,Switzerland,,,,,
Cowa,Unknown,,Unknown,,2024,1.9M CHF,Funding Round,Series A,,Switzerland,,,,,
Eightinks,AI/ML,AI/ML,Unknown,"AI, Cleantech",2024,3.0M EUR,Pre-Seed,Pre-Seed,,Switzerland,,,,,
Lightium,Unknown,,Unknown,,2024,2.67M CHF,Undisclosed,Series A,,Switzerland,,,,,
Climeworks,AI/ML,AI/ML,Unknown,"AI, AR/VR",2024,,Undisclosed,Early Stage,,Switzerland,,,,,
Viventis,MOBILITY,Electric Vehicles,Unknown,,2024,,Undisclosed,Early Stage,,Switzerland,,,,,
BioVersys,MOBILITY,Electric Vehicles,Unknown,Biotech,2024,12.3M CHF,Series C,Series C,,Switzerland,,,,,
Big,HEALTHCARE,,Unknown,Healthtech,2024,6.0M USD,Undisclosed,Series B,,Switzerland,,,,,
Ikerian,HEALTHCARE,,Unknown,"AI, Healthtech, AR/VR",2024,6.18M USD,Series A,Series A,,Switzerland,,,,,
EPFL,AI/ML,AI/ML,Unknown,AI,2024,850.0K CHF,Undisclosed,Series A,,Switzerland,,,,,
Oxara,Unknown,,Unknown,AR/VR,2024,,Series A,Series A,,Switzerland,,,,,
AI,AI/ML,AI/ML,Unknown,AI,2024,40.0K CHF,Undisclosed,Pre-Seed,,Switzerland,,,,,
Startups,HEALTHCARE,,B2C,"Healthtech, AR/VR",2024,10.0K CHF,Undisclosed,Pre-Seed,,Switzerland,,,,,
AlpinaSana,AI/ML,AI/ML,Unknown,AI,2024,150.0K CHF,Undisclosed,Seed,,Switzerland,,,,,
Isospec,HEALTHCARE,MedTech,Unknown,"AI, Healthtech",2024,1.9M USD,Undisclosed,Series A,,Switzerland,,,,,
Bcomp,Unknown,,Unknown,AR/VR,2024,36.0M CHF,Series C,Series C,,Switzerland,,,,,
Bayer,HEALTHCARE,,Unknown,"AI, Healthtech",2024,,Undisclosed,Early Stage,,Switzerland,,,,,
Tandem,HEALTHCARE,Pharma,Unknown,Biotech,2024,,Undisclosed,Early Stage,,Switzerland,,,,,
Kidemis,AGTECH,,Unknown,AR/VR,2024,150.0K CHF,Undisclosed,Seed,,Switzerland,,,,,
Supertext,AI/ML,AI/ML,Unknown,AI,2024,,Undisclosed,Early Stage,,Switzerland,,,,,
Volumina,HEALTHCARE,,Unknown,Healthtech,2024,21.0M USD,Funding Round,Series C,,Switzerland,,,,,
AIassisted,SOFTWARE,SaaS,B2B,"AI, SaaS, AR/VR",2024,40.0K CHF,Undisclosed,Pre-Seed,,Switzerland,,,,,
Hemotune,Unknown,,Unknown,,2024,14.0M CHF,Series B2,Series B,,Switzerland,,,,,
Startups,HEALTHCARE,,Unknown,"IoT, Healthtech, AR/VR",2024,10.0K CHF,Undisclosed,Pre-Seed,,Switzerland,,,,,
DPhi,AEROSPACE,,Unknown,,2024,150.0K CHF,Undisclosed,Seed,,Switzerland,,,,,
ONWARD,HEALTHCARE,,Unknown,"AI, Healthtech, AR/VR",2024,20.0M EUR,Undisclosed,Series C,,Switzerland,,,,,
Startups,AI/ML,AI/ML,Unknown,"AI, AR/VR",2024,10.0K CHF,Undisclosed,Pre-Seed,,Switzerland,,,,,
Swiss,MOBILITY,Electric Vehicles,Unknown,AR/VR,2024,5.5M USD,Undisclosed,Series B,,Switzerland,,,,,
ETH,AI/ML,AI/ML,Unknown,AI,2024,420.0K CHF,Undisclosed,Series A,,Switzerland,,,,,
OBaris,AI/ML,AI/ML,Unknown,"AI, Biotech, AR/VR",2024,150.0K CHF,Undisclosed,Seed,,Switzerland,,,,,
CustomSurg,AI/ML,AI/ML,Unknown,AI,2024,,Seed,Seed,,Switzerland,,,,,
Alithea,HEALTHCARE,Biotech,Unknown,"Biotech, IoT",2024,2.8M CHF,Seed,Seed,,Switzerland,,,,,
Cotierra,CLEANTECH,Climate Tech,Unknown,"Cleantech, AR/VR",2024,1.0M USD,Pre-Seed,Pre-Seed,,Switzerland,,,,,
ETH,MOBILITY,Electric Vehicles,Unknown,,2024,3.8M USD,Pre-Seed,Pre-Seed,,Switzerland,,,,,
Locatee,Unknown,,Unknown,,2024,,Undisclosed,Early Stage,,Switzerland,,,,,
Cultivated,AI/ML,AI/ML,Unknown,AI,2024,5.0M USD,Undisclosed,Series B,,Switzerland,,,,,
FimmCyte,Unknown,,Unknown,,2024,1.0M CHF,Funding Round,Series A,,Switzerland,,,,,
Artiria,HEALTHCARE,,Unknown,"Healthtech, AR/VR",2024,6.0M USD,Undisclosed,Series B,,Switzerland,,,,,
Pace,AI/ML,AI/ML,Unknown,"AI, AR/VR",2024,150.0K CHF,Undisclosed,Seed,,Switzerland,,,,,
Startups,AI/ML,AI/ML,B2B,"AI, AR/VR",2024,10.0K CHF,Undisclosed,Pre-Seed,,Switzerland,,,,,
NovoViz,Unknown,,Unknown,AR/VR,2024,150.0K CHF,Undisclosed,Seed,,Switzerland,,,,,
Logmind,SOFTWARE,SaaS,B2B,SaaS,2024,,Seed,Seed,,Switzerland,,,,,
InterAx,HEALTHCARE,Biotech,B2B,"AI, SaaS, Biotech, IoT",2024,,Undisclosed,Early Stage,,Switzerland,,,,,
Startups,AI/ML,AI/ML,Unknown,"AI, IoT, Healthtech, Robotics, AR/VR",2024,10.0K CHF,Undisclosed,Pre-Seed,,Switzerland,,,,,
MeduSoil,Unknown,,Unknown,Biotech,2024,5.2M CHF,Funding Round,Series B,,Switzerland,,,,,
Venturelabs,Unknown,,Unknown,,2024,,Undisclosed,Early Stage,,Switzerland,,,,,
AeroSpec,HEALTHCARE,,Unknown,"AI, Healthtech",2024,150.0K CHF,Undisclosed,Seed,,Switzerland,,,,,
Billion,Unknown,,Unknown,AR/VR,2024,8.0B CHF,Venture Kick Grant,Pre-Seed,,Switzerland,,,,,
CO2,HEALTHCARE,MedTech,Unknown,"AI, Healthtech, Robotics, AR/VR",2024,40.0K CHF,Undisclosed,Pre-Seed,,Switzerland,,,,,
Startups,HEALTHCARE,Pharma,B2B,"SaaS, Cleantech, AR/VR",2024,10.0K CHF,Undisclosed,Pre-Seed,,Switzerland,,,,,
FluoSpheras,MOBILITY,Electric Vehicles,Unknown,"Biotech, AR/VR",2024,1.1M CHF,Undisclosed,Series A,,Switzerland,,,,,
EraCal,FINTECH,Payments,Unknown,"Biotech, Fintech",2024,235.0M EUR,Undisclosed,Growth,,Switzerland,,,,,
Startups,SOFTWARE,SaaS,B2B,"AI, SaaS, Biotech, AR/VR",2024,10.0K CHF,Undisclosed,Pre-Seed,,Switzerland,,,,,
Fondation,Unknown,,Unknown,AR/VR,2024,,Undisclosed,Early Stage,,Switzerland,,,,,
Odne,HEALTHCARE,,Unknown,Healthtech,2024,,Funding Round,Early Stage,,Switzerland,,,,,
Tune,MOBILITY,Electric Vehicles,Unknown,AR/VR,2024,1.8M EUR,Undisclosed,Series A,,Switzerland,,,,,
Sevensense,MOBILITY,Electric Vehicles,Unknown,,2024,,Undisclosed,Early Stage,,Switzerland,,,,,
Enerdrape,Unknown,,Unknown,,2024,1.3M CHF,Seed,Seed,,Switzerland,,,,,
Kickfund,MOBILITY,Electric Vehicles,Unknown,AR/VR,2024,70.0M CHF,Undisclosed,Growth,,Switzerland,,,,,
Scailyte,HEALTHCARE,Biotech,Unknown,"AI, Biotech, IoT, Healthtech",2024,8.0M USD,Series A,Series A,,Switzerland,,,,,
Scewo,AI/ML,AI/ML,Unknown,AI,2023,9.2M CHF,Series A,Series A,,Switzerland,,,,,
Procavea,HEALTHCARE,Biotech,B2B,"SaaS, Biotech, IoT",2023,150.0K CHF,Undisclosed,Seed,,Switzerland,,,,,
Startups,AI/ML,AI/ML,Unknown,"AI, Healthtech, AR/VR",2023,,Undisclosed,Early Stage,,Switzerland,,,,,
Swiss,HEALTHCARE,Biotech,Unknown,"Biotech, IoT, Healthtech",2023,,Undisclosed,Early Stage,,Switzerland,,,,,
Planeto,AI/ML,AI/ML,Unknown,"AI, Cleantech, AR/VR",2023,150.0K CHF,Undisclosed,Seed,,Switzerland,,,,,
Avelo,MOBILITY,Electric Vehicles,Unknown,,2023,1.5M CHF,Undisclosed,Series A,,Switzerland,,,,,
CompPair,AI/ML,AI/ML,Unknown,AI,2023,,Funding Round,Early Stage,,Switzerland,,,,,
Aesyra,Unknown,,Unknown,,2023,3.0M USD,Funding Round,Series B,,Switzerland,,,,,
REMA,CLEANTECH,,Unknown,,2023,150.0K CHF,Undisclosed,Seed,,Switzerland,,,,,
Koa,AI/ML,AI/ML,Unknown,AI,2023,15.0M USD,Series B,Series B,,Switzerland,,,,,
Scailyte,AI/ML,AI/ML,Unknown,AI,2023,8.0M USD,Series A,Series A,,Switzerland,,,,,
QualySense,AI/ML,AI/ML,Unknown,"AI, AR/VR",2023,,Undisclosed,Early Stage,,Switzerland,,,,,
Impossible,MOBILITY,Electric Vehicles,Unknown,,2023,2.0M CHF,Undisclosed,Series A,,Switzerland,,,,,
RefFIT,MOBILITY,Electric Vehicles,Unknown,,2023,150.0K CHF,Undisclosed,Seed,,Switzerland,,,,,
Startups,HEALTHCARE,MedTech,Unknown,"AI, Healthtech, Robotics, AR/VR",2023,10.0K CHF,Undisclosed,Pre-Seed,,Switzerland,,,,,
Secures,AI/ML,AI/ML,Unknown,AI,2023,1.2M CHF,Undisclosed,Series A,,Switzerland,,,,,
Transcality,Unknown,,Unknown,,2023,150.0K CHF,Undisclosed,Seed,,Switzerland,,,,,
Pregnolia,MOBILITY,Electric Vehicles,Unknown,"Healthtech, AR/VR",2023,2.2M CHF,Funding Round,Series A,,Switzerland,,,,,
Chiral,Unknown,,Unknown,,2023,150.0K CHF,Undisclosed,Seed,,Switzerland,,,,,
Palto,HEALTHCARE,Biotech,Unknown,"Biotech, AR/VR",2023,150.0K CHF,Undisclosed,Seed,,Switzerland,,,,,
Startups,CLEANTECH,Energy,Unknown,"Healthtech, Cleantech, AR/VR",2023,10.0K CHF,Undisclosed,Pre-Seed,,Switzerland,,,,,
Startups,MOBILITY,Electric Vehicles,Unknown,AR/VR,2023,10.0K CHF,Undisclosed,Pre-Seed,,Switzerland,,,,,
Avelo,MOBILITY,Electric Vehicles,Unknown,"Healthtech, AR/VR",2023,1.5M EUR,Undisclosed,Series A,,Switzerland,,,,,
Akina,Unknown,,Unknown,,2023,1.0M CHF,Funding Round,Series A,,Switzerland,,,,,
Ascento,ROBOTICS,Service Robotics,Unknown,Robotics,2023,150.0K CHF,Undisclosed,Seed,,Switzerland,,,,,
Cutaneous,SOFTWARE,SaaS,B2B,SaaS,2023,40.0K CHF,Undisclosed,Pre-Seed,,Switzerland,,,,,
Investment,HEALTHCARE,Biotech,Unknown,"Biotech, IoT",2023,,Funding Round,Early Stage,,Switzerland,,,,,
Collaborative,Unknown,,Unknown,AR/VR,2023,,Funding Round,Early Stage,"Yonsei University, Oncosoft Inc",Switzerland,,,,,
Economic,Unknown,,Unknown,,2023,,Undisclosed,Early Stage,,Switzerland,,,,,
Access,Unknown,,Unknown,,2023,,Undisclosed,Early Stage,,Switzerland,,,,,
MIRO,Unknown,,Unknown,,2023,,Undisclosed,Early Stage,,Switzerland,,,,,
Bota,ROBOTICS,,Unknown,"IoT, Robotics",2023,2.5M USD,Seed,Seed,,Switzerland,,,,,
HeroSupport,HEALTHCARE,MedTech,Unknown,"AI, Healthtech, AR/VR",2023,150.0K CHF,Undisclosed,Seed,,Switzerland,,,,,
Nagi,MOBILITY,Electric Vehicles,Unknown,Biotech,2023,12.4M CHF,Series A,Series A,,Switzerland,,,,,
Transforming,AI/ML,AI/ML,Unknown,AI,2023,3.4M USD,Undisclosed,Series B,,Switzerland,,,,,
AIbased,AI/ML,AI/ML,Unknown,"AI, Robotics",2023,40.0K CHF,Undisclosed,Pre-Seed,,Switzerland,,,,,
TOP,Unknown,,Unknown,AR/VR,2023,,Venture Kick Grant,Pre-Seed,,Switzerland,,,,,
Startups,HEALTHCARE,Digital Health,Unknown,"AI, Healthtech, AR/VR",2023,10.0K CHF,Undisclosed,Pre-Seed,,Switzerland,,,,,
Tethys,ROBOTICS,,Unknown,Robotics,2023,150.0K CHF,Undisclosed,Seed,,Switzerland,,,,,
Haelixa,Unknown,,Unknown,,2023,,Undisclosed,Early Stage,,Switzerland,,,,,
Swiss,AI/ML,AI/ML,Unknown,"AI, Robotics, AR/VR",2023,4.3M USD,Undisclosed,Series B,,Switzerland,,,,,
Kandou,AI/ML,AI/ML,Unknown,AI,2023,72.0M USD,Series E,Growth,,Switzerland,,,,,
Swiss,HEALTHCARE,MedTech,Unknown,"AI, AR/VR",2023,4.5M CHF,Series B2,Series B,,Switzerland,,,,,
Borobotics,MOBILITY,Electric Vehicles,Unknown,Robotics,2023,150.0K CHF,Undisclosed,Seed,,Switzerland,,,,,
Aerosol,AI/ML,AI/ML,Unknown,"AI, AR/VR",2023,40.0K CHF,Undisclosed,Pre-Seed,,Switzerland,,,,,
Startups,HEALTHCARE,Biotech,Unknown,"AI, Healthtech, AR/VR",2023,10.0K CHF,Undisclosed,Pre-Seed,,Switzerland,,,,,
CART,INDUSTRIALS,,B2B,AR/VR,2023,40.0K CHF,Undisclosed,Pre-Seed,,Switzerland,,,,,
Startups,HEALTHCARE,,B2B,"AI, SaaS, Healthtech, AR/VR",2023,10.0K CHF,Undisclosed,Pre-Seed,,Switzerland,,,,,
ZuriMED,MOBILITY,Electric Vehicles,Unknown,,2023,14.5M CHF,Series A,Series A,,Switzerland,,,,,
SAEKI,INDUSTRIALS,,B2B,"Robotics, AR/VR",2023,2.3M USD,Funding Round,Series A,,Switzerland,,,,,
Inverto,Unknown,,Unknown,,2023,150.0K CHF,Undisclosed,Seed,,Switzerland,,,,,
PeriVision,MOBILITY,Electric Vehicles,Unknown,AR/VR,2023,,Seed,Seed,,Switzerland,,,,,
Startups,HEALTHCARE,Pharma,Unknown,"AI, Biotech, Healthtech, Cleantech, AR/VR",2023,10.0K CHF,Funding Round,Pre-Seed,,Switzerland,,,,,
Gaia,AI/ML,AI/ML,Unknown,"AI, AR/VR",2023,,Pre-Seed,Pre-Seed,,Switzerland,,,,,
Rapidata,SOFTWARE,Analytics,Unknown,"AI, AR/VR",2023,1.5M CHF,Funding Round,Series A,BlueYard,Switzerland,,,,,
CompagOs,Unknown,,Unknown,,2023,150.0K CHF,Undisclosed,Seed,,Switzerland,,,,,
DuraMon,Unknown,,Unknown,AR/VR,2023,1.0M CHF,Seed,Seed,,Switzerland,,,,,
Isospec,HEALTHCARE,Biotech,Unknown,"Biotech, IoT, AR/VR",2023,150.0K CHF,Undisclosed,Seed,,Switzerland,,,,,
Almer,MOBILITY,Electric Vehicles,Unknown,AR/VR,2023,4.5M CHF,Seed,Seed,,Switzerland,,,,,
EBAMed,AI/ML,AI/ML,Unknown,"AI, AR/VR",2023,14.35M EUR,Series A,Series A,,Switzerland,,,,,
DePoly,MOBILITY,Electric Vehicles,Unknown,,2023,12.3M CHF,Seed,Seed,,Switzerland,,,,,
Startups,HEALTHCARE,MedTech,Unknown,"AI, Healthtech, Robotics, AR/VR",2023,10.0K CHF,Undisclosed,Pre-Seed,,Switzerland,,,,,
TreaTech,CLEANTECH,Energy,Unknown,Cleantech,2023,9.0M CHF,Series A,Series A,,Switzerland,,,,,
Lunaphore,Unknown,,Unknown,,2023,,Undisclosed,Early Stage,,Switzerland,,,,,
Tinamu,AEROSPACE,,Unknown,,2023,1.0M CHF,Funding Round,Series A,,Switzerland,,,,,
Seervision,Unknown,,Unknown,,2023,,Undisclosed,Early Stage,,Switzerland,,,,,
Startups,AI/ML,AI/ML,Unknown,"AI, AR/VR",2023,10.0K CHF,Undisclosed,Pre-Seed,,Switzerland,,,,,
Eturnity,SOFTWARE,,Unknown,"Cleantech, AR/VR",2023,8.0M CHF,Series A,Series A,,Switzerland,,,,,
SolidWatts,AI/ML,AI/ML,Unknown,"AI, Cleantech",2023,150.0K CHF,Undisclosed,Seed,,Switzerland,,,,,
SWISSto12s,AEROSPACE,,Unknown,AR/VR,2023,,Undisclosed,Early Stage,,Switzerland,,,,,
Startups,AI/ML,AI/ML,Unknown,"AI, AR/VR",2023,10.0K CHF,Undisclosed,Pre-Seed,,Switzerland,,,,,
Impossible,AI/ML,AI/ML,Unknown,AI,2023,150.0K CHF,Undisclosed,Seed,,Switzerland,,,,,
Antefil,Unknown,,Unknown,AR/VR,2023,1.5M CHF,Pre-Seed,Pre-Seed,,Switzerland,,,,,
Metaco,FINTECH,Crypto,B2B,Fintech,2023,250.0M USD,Undisclosed,Growth,,Switzerland,,,,,
CO2,CLEANTECH,Climate Tech,Unknown,,2023,40.0K CHF,Undisclosed,Pre-Seed,,Switzerland,,,,,
OPTIML,SOFTWARE,SaaS,B2B,"AI, SaaS, AR/VR",2023,1.5M CHF,Pre-Seed,Pre-Seed,,Switzerland,,,,,
Startups,MOBILITY,Electric Vehicles,Unknown,AR/VR,2023,10.0K CHF,Undisclosed,Pre-Seed,,Switzerland,,,,,
Klepsydra,SOFTWARE,,Unknown,"AI, AR/VR",2023,1.0M CHF,Funding Round,Series A,,Switzerland,,,,,
Eurostar,Unknown,,Unknown,AR/VR,2023,1.2M EUR,Undisclosed,Series A,,Switzerland,,,,,
Neology,CLEANTECH,Energy,Unknown,"Cleantech, AR/VR",2023,150.0K CHF,Undisclosed,Seed,,Switzerland,,,,,
UniSieve,CLEANTECH,Climate Tech,Unknown,"Cleantech, AR/VR",2023,5.5M USD,Undisclosed,Series B,,Switzerland,,,,,
Distalmotion,HEALTHCARE,,B2B,"AI, SaaS, Healthtech, Robotics",2023,150.0M USD,Undisclosed,Growth,,Switzerland,,,,,
AIsupported,AI/ML,AI/ML,Unknown,AI,2023,,Seed,Seed,,Switzerland,,,,,
SynSense,Unknown,,Unknown,,2023,,Undisclosed,Early Stage,,Switzerland,,,,,
Araris,Unknown,,Unknown,AR/VR,2023,,Funding Round,Early Stage,,Switzerland,,,,,
Plantbased,AGTECH,,Unknown,AR/VR,2023,,Pre-Seed,Pre-Seed,,Switzerland,,,,,
Chiral,AI/ML,,Unknown,"AI, Biotech, AR/VR",2023,40.0K CHF,Undisclosed,Pre-Seed,,Switzerland,,,,,
Startups,SOFTWARE,,Unknown,"IoT, Cleantech, AR/VR",2023,10.0K CHF,Undisclosed,Pre-Seed,,Switzerland,,,,,
Impossible,AI/ML,AI/ML,Unknown,"AI, Biotech",2023,3.4M CHF,Undisclosed,Series B,,Switzerland,,,,,
Agrinorm,AI/ML,AI/ML,B2B,AI,2023,,Undisclosed,Early Stage,,Switzerland,,,,,
ASTRA,HEALTHCARE,Pharma,Unknown,"Biotech, AR/VR",2023,150.0K CHF,Undisclosed,Seed,,Switzerland,,,,,
InSphero,AI/ML,AI/ML,Unknown,AI,2023,,Funding Round,Early Stage,,Switzerland,,,,,
Vamoz,Unknown,,Unknown,,2023,150.0K CHF,Undisclosed,Seed,,Switzerland,,,,,
HemoSystem,Unknown,,Unknown,,2023,,Undisclosed,Early Stage,,Switzerland,,,,,
Lunaphore,HEALTHCARE,MedTech,Unknown,Healthtech,2023,40.0M CHF,Undisclosed,Growth,,Switzerland,,,,,
SynSense,AI/ML,AI/ML,Unknown,"AI, IoT, AR/VR",2023,10.0M USD,Undisclosed,Series C,,Switzerland,,,,,
Startups,SOFTWARE,Analytics,Unknown,"IoT, Cleantech, AR/VR",2023,10.0K CHF,Undisclosed,Pre-Seed,,Switzerland,,,,,
Cleantech,CLEANTECH,Energy,Unknown,"Cleantech, AR/VR",2023,,Funding Round,Early Stage,,Switzerland,,,,,
Flyability,Unknown,,Unknown,,2023,,Undisclosed,Early Stage,,Switzerland,,,,,
Startups,HEALTHCARE,MedTech,Unknown,"AI, Healthtech, AR/VR",2023,10.0K CHF,Undisclosed,Pre-Seed,,Switzerland,,,,,
Therapeutics,HEALTHCARE,Pharma,Unknown,"AI, Biotech",2023,150.0K CHF,Undisclosed,Seed,,Switzerland,,,,,
Robotics,AI/ML,AI/ML,Unknown,"AI, Robotics, AR/VR",2023,1.2M CHF,Seed,Seed,,Switzerland,,,,,
Bearmind,AI/ML,AI/ML,Unknown,"AI, AR/VR",2023,1.3M CHF,Seed,Seed,,Switzerland,,,,,
EverdreamSoft,AI/ML,AI/ML,Unknown,AI,2023,1.1M USD,Undisclosed,Series A,,Switzerland,,,,,
FluoSphera,Unknown,,Unknown,,2023,1.0M USD,Pre-Seed,Pre-Seed,,Switzerland,,,,,
Tandem,HEALTHCARE,Pharma,Unknown,"AI, Biotech",2023,150.0K CHF,Undisclosed,Seed,,Switzerland,,,,,
Zurich,CLEANTECH,Energy,Unknown,"Cleantech, Robotics, AR/VR",2023,1.5M CHF,Undisclosed,Series A,,Switzerland,,,,,
Recolony,MOBILITY,Electric Vehicles,Unknown,AR/VR,2023,150.0K CHF,Undisclosed,Seed,,Switzerland,,,,,
Unisers,MOBILITY,Electric Vehicles,Unknown,,2023,14.0M USD,Undisclosed,Series C,,Switzerland,,,,,
AtlasVR,AI/ML,AI/ML,Unknown,"AI, AR/VR",2023,150.0K CHF,Undisclosed,Seed,,Switzerland,,,,,
EraCal,HEALTHCARE,,Unknown,Healthtech,2023,,Undisclosed,Early Stage,,Switzerland,,,,,
Startups,CLEANTECH,Climate Tech,Unknown,AR/VR,2023,10.0K CHF,Undisclosed,Pre-Seed,,Switzerland,,,,,
Xsensio,Unknown,,Unknown,,2023,,Funding Round,Early Stage,,Switzerland,,,,,
Swiss,Unknown,,Unknown,AR/VR,2023,,Undisclosed,Early Stage,,Switzerland,,,,,
YASAI,AI/ML,AI/ML,Unknown,AI,2023,,Funding Round,Early Stage,,Switzerland,,,,,
DNA,SOFTWARE,SaaS,B2B,"SaaS, Biotech, AR/VR",2023,10.0K CHF,Undisclosed,Pre-Seed,,Switzerland,,,,,
InSphero,HEALTHCARE,Pharma,Unknown,AR/VR,2023,1.5M EUR,Undisclosed,Series A,,Switzerland,,,,,
Bionomous,MOBILITY,Electric Vehicles,Unknown,,2023,2.7M USD,Undisclosed,Series A,,Switzerland,,,,,
Startups,HEALTHCARE,Biotech,Unknown,"Healthtech, AR/VR",2023,10.0K CHF,Undisclosed,Pre-Seed,,Switzerland,,,,,
Medyria,MOBILITY,Electric Vehicles,Unknown,"Healthtech, AR/VR",2023,3.7M CHF,Undisclosed,Series B,,Switzerland,,,,,
Calciscon,HEALTHCARE,,Unknown,"Healthtech, AR/VR",2023,2.0M EUR,Funding Round,Series A,,Switzerland,,,,,
MPC,HEALTHCARE,Pharma,Unknown,"AI, Biotech, AR/VR",2023,1.5M CHF,Seed,Seed,,Switzerland,,,,,
Avrios,Unknown,,Unknown,AR/VR,2023,,Undisclosed,Early Stage,,Switzerland,,,,,
BioVersys,AI/ML,AI/ML,Unknown,AI,2023,32.6M CHF,Series C,Series C,,Switzerland,,,,,
Biognosys,HEALTHCARE,Pharma,Unknown,AR/VR,2023,,Undisclosed,Early Stage,,Switzerland,,,,,
Fixposition,Unknown,,Unknown,,2023,,Funding Round,Early Stage,,Switzerland,,,,,
Startups,AI/ML,AI/ML,Unknown,"AI, Healthtech, AR/VR",2022,10.0K CHF,Funding Round,Pre-Seed,,Switzerland,,,,,
Flybotix,AEROSPACE,,Unknown,,2022,5.5M CHF,Undisclosed,Series B,,Switzerland,,,,,
RD,AI/ML,AI/ML,Unknown,"AI, IoT",2022,10.0M CHF,Undisclosed,Series C,,Switzerland,,,,,
NexMR,MOBILITY,Electric Vehicles,Unknown,Biotech,2022,150.0K CHF,Undisclosed,Seed,,Switzerland,,,,,
Voltiris,AI/ML,AI/ML,Unknown,"AI, Cleantech, AR/VR",2022,1.4M CHF,Undisclosed,Series A,,Switzerland,,,,,
Rhovica,MOBILITY,Electric Vehicles,Unknown,,2022,150.0K CHF,Undisclosed,Seed,,Switzerland,,,,,
Resistell,HEALTHCARE,,Unknown,"AI, IoT, Healthtech",2022,8.5M CHF,Undisclosed,Series B,,Switzerland,,,,,
Zaphiro,Unknown,,Unknown,AR/VR,2022,6.4M CHF,Undisclosed,Series B,,Switzerland,,,,,
SmartHelio,AI/ML,AI/ML,Unknown,"AI, Cleantech, AR/VR",2022,5.0M USD,Undisclosed,Series B,,Switzerland,,,,,
Bottneuro,MOBILITY,Electric Vehicles,Unknown,,2022,4.0M CHF,Undisclosed,Series B,,Switzerland,,,,,
Oxyle,Unknown,,Unknown,,2022,3.0M USD,Pre-Seed,Pre-Seed,,Switzerland,,,,,
Daphne,AI/ML,AI/ML,Unknown,"AI, Cleantech",2022,3.0M CHF,Undisclosed,Series B,,Switzerland,,,,,
Younergy,AI/ML,AI/ML,Unknown,"AI, Cleantech, AR/VR",2022,7.0M CHF,Undisclosed,Series B,,Switzerland,,,,,
Insolight,CLEANTECH,Energy,Unknown,"Cleantech, AR/VR",2022,4.85M CHF,Undisclosed,Series B,,Switzerland,,,,,
MinWave,MOBILITY,Electric Vehicles,Unknown,,2022,150.0K CHF,Undisclosed,Seed,,Switzerland,,,,,
Depsys,CLEANTECH,Energy,Unknown,Cleantech,2022,,Undisclosed,Early Stage,,Switzerland,,,,,
NXI,HEALTHCARE,Pharma,Unknown,"Biotech, AR/VR",2022,,Undisclosed,Early Stage,,Switzerland,,,,,
Celebrating,Unknown,,Unknown,AR/VR,2022,,Venture Kick Grant,Pre-Seed,,Switzerland,,,,,
Startups,SOFTWARE,Analytics,Unknown,"AI, IoT, AR/VR",2022,10.0K CHF,Undisclosed,Pre-Seed,,Switzerland,,,,,
Startups,SOFTWARE,,Unknown,"AI, Robotics, AR/VR",2022,10.0K CHF,Undisclosed,Pre-Seed,,Switzerland,,,,,
School,SOFTWARE,,Unknown,AI,2022,150.0K CHF,Undisclosed,Seed,,Switzerland,,,,,
Years,Unknown,,Unknown,AR/VR,2022,,Undisclosed,Early Stage,,Switzerland,,,,,
ASPIVIX,Unknown,,Unknown,AR/VR,2022,5.0M USD,Series A+,Series A,,Switzerland,,,,,
Beekeeper,AI/ML,AI/ML,Unknown,AI,2022,50.0M USD,Undisclosed,Growth,,Switzerland,,,,,
Akina,HEALTHCARE,,Unknown,"Healthtech, AR/VR",2022,1.6M CHF,Pre-Seed,Pre-Seed,,Switzerland,,,,,
Positrigo,AI/ML,AI/ML,Unknown,AI,2022,5.5M CHF,Undisclosed,Series B,,Switzerland,,,,,
Simon,HEALTHCARE,,Unknown,AI,2022,150.0K CHF,Undisclosed,Seed,,Switzerland,,,,,
Sleepiz,Unknown,,Unknown,AR/VR,2022,800.0K EUR,Funding Round,Series A,,Switzerland,,,,,
Startups,AI/ML,AI/ML,Unknown,"AI, Biotech, AR/VR",2022,10.0K CHF,Undisclosed,Pre-Seed,,Switzerland,,,,,
TYXIT,Unknown,,Unknown,AR/VR,2022,2.0M CHF,Seed,Seed,,Switzerland,,,,,
WattAnyWhere,MOBILITY,Electric Vehicles,Unknown,"Cleantech, AR/VR",2022,150.0K CHF,Undisclosed,Seed,,Switzerland,,,,,
Swiss,Unknown,,Unknown,,2022,1.5M CHF,Series A,Series A,,Switzerland,,,,,
Ocumeda,Unknown,,Unknown,AR/VR,2022,150.0K CHF,Undisclosed,Seed,,Switzerland,,,,,
AMC,SOFTWARE,SaaS,B2B,SaaS,2022,10.0M CHF,Funding Round,Series C,,Switzerland,,,,,
ERP,AI/ML,AI/ML,Unknown,"AI, AR/VR",2022,2.0M CHF,Undisclosed,Series A,,Switzerland,,,,,
OVOMIND,AI/ML,AI/ML,Unknown,AI,2022,1.6M USD,Funding Round,Series A,,Switzerland,,,,,
Splint,FINTECH,,Unknown,Biotech,2022,150.0K CHF,Funding Round,Seed,,Switzerland,,,,,
Going,CLEANTECH,,Unknown,,2022,,Undisclosed,Early Stage,,Switzerland,,,,,
Aukera,HEALTHCARE,Pharma,Unknown,Biotech,2022,150.0K CHF,Undisclosed,Seed,,Switzerland,,,,,
Correntics,AI/ML,AI/ML,B2B,"AI, Cleantech",2022,150.0K CHF,Undisclosed,Seed,,Switzerland,,,,,
Vatorex,AI/ML,AI/ML,Unknown,"AI, Biotech, AR/VR",2022,1.1M CHF,Undisclosed,Series A,,Switzerland,,,,,
Exnaton,CLEANTECH,Energy,Unknown,Cleantech,2022,,Funding Round,Early Stage,,Switzerland,,,,,
Volumina,HEALTHCARE,,Unknown,"Healthtech, AR/VR",2022,,Series A,Series A,,Switzerland,,,,,
Araris,HEALTHCARE,Biotech,Unknown,"Biotech, IoT, AR/VR",2022,24.0M USD,Funding Round,Series C,,Switzerland,,,,,
Cultivated,AI/ML,AI/ML,Unknown,"AI, Biotech",2022,150.0K CHF,Undisclosed,Seed,,Switzerland,,,,,
Alums,Unknown,,Unknown,AR/VR,2022,,Venture Kick Grant,Pre-Seed,,Switzerland,,,,,
Drug,SOFTWARE,SaaS,B2B,"AI, SaaS, Biotech, AR/VR",2022,40.0K CHF,Undisclosed,Pre-Seed,,Switzerland,,,,,
Edtech,AI/ML,AI/ML,Unknown,"AI, Biotech, AR/VR",2022,1.3M CHF,Undisclosed,Series A,,Switzerland,,,,,
Solaxer,CLEANTECH,Energy,Unknown,"Cleantech, AR/VR",2022,150.0K CHF,Undisclosed,Seed,,Switzerland,,,,,
Startups,AI/ML,AI/ML,Unknown,"AI, Robotics, AR/VR",2022,10.0K CHF,Undisclosed,Pre-Seed,,Switzerland,,,,,
Startups,AI/ML,AI/ML,Unknown,"AI, Cleantech, Robotics, AR/VR",2022,10.0K CHF,Undisclosed,Pre-Seed,,Switzerland,,,,,
Scailyte,AI/ML,AI/ML,Unknown,"AI, AR/VR",2022,6.0M CHF,Series A,Series A,,Switzerland,,,,,
Composite,Unknown,,Unknown,,2022,150.0K CHF,Undisclosed,Seed,,Switzerland,,,,,
Nanolive,Unknown,,Unknown,,2022,2.2M USD,Series C,Series C,,Switzerland,,,,,
Avelo,HEALTHCARE,,B2B,Healthtech,2022,2.2M CHF,Funding Round,Series A,,Switzerland,,,,,
Versantis,HEALTHCARE,Digital Health,Unknown,"Biotech, Healthtech, AR/VR",2022,,Undisclosed,Early Stage,,Switzerland,,,,,
RigiTech,AI/ML,AI/ML,Unknown,AI,2022,,Seed,Seed,,Switzerland,,,,,
Agrotech,AI/ML,AI/ML,Unknown,"AI, AR/VR",2022,,Seed,Seed,,Switzerland,,,,,
Fixposition,Unknown,,Unknown,,2022,,Seed,Seed,,Switzerland,,,,,
Flyability,MOBILITY,Electric Vehicles,Unknown,,2022,15.0M CHF,Undisclosed,Series C,,Switzerland,,,,,
CTsystems,Unknown,,Unknown,,2022,,Undisclosed,Early Stage,,Switzerland,,,,,
Cultivated,AI/ML,AI/ML,Unknown,"AI, AR/VR",2022,1.5M USD,Pre-Seed,Pre-Seed,,Switzerland,,,,,
Planted,Unknown,,Unknown,,2022,70.0M CHF,Series B,Series B,,Switzerland,,,,,
Startups,SOFTWARE,,Unknown,"Cleantech, AR/VR",2022,10.0K CHF,Undisclosed,Pre-Seed,,Switzerland,,,,,
Yasai,AI/ML,AI/ML,B2B,AI,2022,1.4M EUR,Funding Round,Series A,,Switzerland,,,,,
Sensawear,HEALTHCARE,,Unknown,"Healthtech, AR/VR",2022,150.0K CHF,Undisclosed,Seed,,Switzerland,,,,,
CASUS,AI/ML,AI/ML,Unknown,"AI, AR/VR",2022,,Pre-Seed,Pre-Seed,,Switzerland,,,,,
SightIn,HEALTHCARE,,B2B,"AI, SaaS, Healthtech",2022,150.0K CHF,Undisclosed,Seed,,Switzerland,,,,,
Zippsafe,Unknown,,Unknown,AR/VR,2022,,Undisclosed,Early Stage,Unorthodox Ventures for expansion into U,Switzerland,,,,,
Startup,HEALTHCARE,Pharma,B2B,"SaaS, Biotech, Healthtech, Robotics, AR/VR",2022,10.0K CHF,Undisclosed,Pre-Seed,,Switzerland,,,,,
WattAnyWhere,CLEANTECH,Energy,Unknown,"Cleantech, AR/VR",2022,1.3M CHF,Pre-Seed,Pre-Seed,,Switzerland,,,,,
Corintis,Unknown,,Unknown,,2022,150.0K CHF,Undisclosed,Seed,,Switzerland,,,,,
Startups,SOFTWARE,,Unknown,"AI, Biotech, Cleantech, AR/VR",2022,10.0K CHF,Undisclosed,Pre-Seed,,Switzerland,,,,,
Ava,HEALTHCARE,,Unknown,Healthtech,2022,,Undisclosed,Early Stage,,Switzerland,,,,,
VISENSE,AI/ML,AI/ML,B2B,AI,2022,750.0K CHF,Undisclosed,Series A,,Switzerland,,,,,
Colorectal,SOFTWARE,,Unknown,,2022,40.0K CHF,Undisclosed,Pre-Seed,,Switzerland,,,,,
BLKB,FINTECH,,Unknown,"Fintech, AR/VR",2022,,Undisclosed,Early Stage,,Switzerland,,,,,
FimmCyte,Unknown,,Unknown,,2022,150.0K CHF,Undisclosed,Seed,,Switzerland,,,,,
Technology,MOBILITY,,Unknown,,2022,,Undisclosed,Early Stage,,Switzerland,,,,,
Akina,Unknown,,Unknown,AR/VR,2022,150.0K CHF,Undisclosed,Seed,,Switzerland,,,,,
Startups,HEALTHCARE,Pharma,Unknown,"Biotech, Healthtech, Cleantech, AR/VR",2022,10.0K CHF,Undisclosed,Pre-Seed,,Switzerland,,,,,
NextImmune,MOBILITY,Electric Vehicles,Unknown,Biotech,2022,150.0K CHF,Undisclosed,Seed,,Switzerland,,,,,
Startups,CLEANTECH,,B2B,"Cleantech, AR/VR",2022,10.0K CHF,Undisclosed,Pre-Seed,,Switzerland,,,,,
Avelo,MOBILITY,Electric Vehicles,Unknown,,2022,150.0K CHF,Undisclosed,Seed,,Switzerland,,,,,
Imverse,AI/ML,AI/ML,Unknown,AI,2022,4.8M USD,Undisclosed,Series B,,Switzerland,,,,,
NMRbased,SOFTWARE,SaaS,B2B,"SaaS, IoT",2022,40.0K CHF,Undisclosed,Pre-Seed,,Switzerland,,,,,
Almer,MOBILITY,Electric Vehicles,Unknown,AR/VR,2022,150.0K CHF,Undisclosed,Seed,,Switzerland,,,,,
Biosimo,AI/ML,AI/ML,B2B,"AI, Cleantech",2022,150.0K CHF,Undisclosed,Seed,,Switzerland,,,,,
BioVersys,HEALTHCARE,,Unknown,Healthtech,2022,24.2M CHF,Funding Round,Series C,,Switzerland,,,,,
Invasight,AI/ML,AI/ML,Unknown,AI,2022,4.5M CHF,Seed,Seed,,Switzerland,,,,,
Lumendo,Unknown,,Unknown,,2022,,Funding Round,Early Stage,,Switzerland,,,,,
Startups,SOFTWARE,SaaS,B2B,"AI, SaaS, AR/VR",2022,10.0K CHF,Undisclosed,Pre-Seed,,Switzerland,,,,,
Alithea,AI/ML,AI/ML,Unknown,"AI, Biotech",2022,1.0M CHF,Seed,Seed,,Switzerland,,,,,
EPFL,Unknown,,Unknown,AR/VR,2022,1.2M CHF,Undisclosed,Series A,,Switzerland,,,,,
Koa,AI/ML,AI/ML,Unknown,"AI, AR/VR",2022,10.0M USD,Undisclosed,Series C,,Switzerland,,,,,
Isochronic,SOFTWARE,,B2B,"Robotics, AR/VR",2022,2.0M CHF,Seed,Seed,,Switzerland,,,,,
Startups,FINTECH,Banking,Unknown,"AI, Biotech, Fintech, AR/VR",2022,10.0K CHF,Undisclosed,Pre-Seed,,Switzerland,,,,,
InfraScreen,CLEANTECH,Climate Tech,Unknown,"Cleantech, AR/VR",2022,1.5M USD,Undisclosed,Series A,,Switzerland,,,,,
Startups,MOBILITY,Electric Vehicles,Unknown,"Robotics, AR/VR",2022,10.0K CHF,Undisclosed,Pre-Seed,,Switzerland,,,,,
Series,SOFTWARE,SaaS,B2B,"AI, SaaS",2022,7.25M CHF,Series B1,Series B,,Switzerland,,,,,
Artiria,HEALTHCARE,,Unknown,"AI, Healthtech, AR/VR",2022,3.8M CHF,Undisclosed,Series B,,Switzerland,,,,,
Medical,HEALTHCARE,,Unknown,Healthtech,2022,3.0M CHF,Seed,Seed,,Switzerland,,,,,
Bcomp,MOBILITY,,Unknown,,2022,32.0M CHF,Series B,Series B,,Switzerland,,,,,
Climeworks,AI/ML,AI/ML,Unknown,AI,2022,600.0M CHF,Funding Round,Growth,,Switzerland,,,,,
Neurosoft,Unknown,,Unknown,AR/VR,2022,3.0M USD,Funding Round,Series B,,Switzerland,,,,,
Nanolive,Unknown,,Unknown,,2022,20.0M USD,Series C,Series C,,Switzerland,,,,,
Altoida,SOFTWARE,SaaS,B2B,"AI, SaaS",2022,20.3M USD,Series A,Series A,,Switzerland,,,,,
Novel,CLEANTECH,Energy,Unknown,"Cleantech, AR/VR",2022,40.0K CHF,Undisclosed,Pre-Seed,,Switzerland,,,,,
Luya,Unknown,,Unknown,Biotech,2022,150.0K CHF,Undisclosed,Seed,,Switzerland,,,,,
Startups,SOFTWARE,SaaS,B2B,"SaaS, IoT, AR/VR",2022,10.0K CHF,Undisclosed,Pre-Seed,,Switzerland,,,,,
Groam,AI/ML,AI/ML,Unknown,AI,2022,150.0K CHF,Undisclosed,Seed,,Switzerland,,,,,
Plastogaz,Unknown,,Unknown,,2022,,Funding Round,Early Stage,,Switzerland,,,,,
Neural,AI/ML,AI/ML,B2B,AI,2022,9.1M USD,Series A,Series A,,Switzerland,,,,,
Startups,HEALTHCARE,,B2B,"AI, SaaS, Healthtech, AR/VR",2022,10.0K CHF,Undisclosed,Pre-Seed,,Switzerland,,,,,
FGen,SOFTWARE,SaaS,B2B,SaaS,2022,,Undisclosed,Early Stage,,Switzerland,,,,,
Daphne,AI/ML,AI/ML,Unknown,AI,2022,4.0M CHF,Undisclosed,Series B,,Switzerland,,,,,
Scewo,AI/ML,AI/ML,Unknown,AI,2022,3.0M CHF,Undisclosed,Series B,,Switzerland,,,,,
Sleepiz,AI/ML,AI/ML,Unknown,"AI, AR/VR",2022,6.0K CHF,Series A,Series A,,Switzerland,,,,,
Industrielle,Unknown,,Unknown,,2022,,Undisclosed,Early Stage,,Switzerland,,,,,
Retailer,AI/ML,AI/ML,B2C,AI,2022,150.0K CHF,Undisclosed,Seed,,Switzerland,,,,,
MindMaze,Unknown,,Unknown,,2022,105.0M USD,Funding Round,Growth,,Switzerland,,,,,
Startups,SOFTWARE,SaaS,B2B,"SaaS, Cleantech, AR/VR",2022,10.0K CHF,Undisclosed,Pre-Seed,,Switzerland,,,,,
Scrona,AI/ML,AI/ML,Unknown,AI,2022,9.6M USD,Undisclosed,Series B,,Switzerland,,,,,
Adaptyv,AI/ML,AI/ML,Unknown,"AI, AR/VR",2022,2.5M USD,Undisclosed,Series A,,Switzerland,,,,,
HAYA,Unknown,,Unknown,,2022,5.0M USD,Seed,Seed,Humboldt Fund,Switzerland,,,,,
Scandit,AI/ML,AI/ML,Unknown,AI,2022,150.0M USD,Undisclosed,Growth,,Switzerland,,,,,
Scale,AI/ML,AI/ML,Unknown,"AI, AR/VR",2022,,Undisclosed,Early Stage,,Switzerland,,,,,
KOMPACT,MOBILITY,Electric Vehicles,Unknown,AR/VR,2022,,Funding Round,Early Stage,,Switzerland,,,,,
Galventa,Unknown,,Unknown,,2022,150.0K CHF,Undisclosed,Seed,,Switzerland,,,,,
Distalmotion,AI/ML,AI/ML,Unknown,"AI, Robotics",2022,90.0M USD,Undisclosed,Growth,,Switzerland,,,,,
Sensemodi,HEALTHCARE,,Unknown,"Healthtech, AR/VR",2022,150.0K CHF,Undisclosed,Seed,,Switzerland,,,,,
Startups,SOFTWARE,Analytics,Unknown,"AI, Cleantech, AR/VR",2022,,Undisclosed,Early Stage,,Switzerland,,,,,
Oncobit,Unknown,,Unknown,AR/VR,2022,150.0K CHF,Undisclosed,Seed,,Switzerland,,,,,
SoHHytec,AI/ML,AI/ML,Unknown,"AI, Cleantech",2022,,Seed,Seed,,Switzerland,,,,,
Startups,SOFTWARE,SaaS,B2B,"AI, SaaS, Biotech, Cleantech, AR/VR",2022,10.0K CHF,Funding Round,Pre-Seed,,Switzerland,,,,,
Lumendo,HEALTHCARE,,B2B,"AI, SaaS, Healthtech",2022,2.54M CHF,Undisclosed,Series A,,Switzerland,,,,,
INERGIO,Unknown,,Unknown,,2022,1.25M CHF,Pre-Seed,Pre-Seed,,Switzerland,,,,,
EraCal,HEALTHCARE,Pharma,Unknown,"Biotech, AR/VR",2022,,Undisclosed,Early Stage,,Switzerland,,,,,
Scailyte,HEALTHCARE,Biotech,Unknown,"AI, Biotech, IoT, AR/VR",2022,,Series A,Series A,,Switzerland,,,,,
Adiposs,HEALTHCARE,,B2B,"AI, Healthtech, AR/VR",2022,1.8M CHF,Undisclosed,Series A,,Switzerland,,,,,
QualySense,AI/ML,AI/ML,Unknown,"AI, AR/VR",2022,2.5M USD,Undisclosed,Series A,,Switzerland,,,,,
Novel,SOFTWARE,SaaS,B2B,"SaaS, AR/VR",2021,10.0K CHF,Undisclosed,Pre-Seed,,Switzerland,,,,,
Klepsydra,SOFTWARE,,Unknown,"AI, AR/VR",2021,1.0M CHF,Undisclosed,Series A,,Switzerland,,,,,
Xsensio,SOFTWARE,SaaS,B2B,"AI, SaaS, AR/VR",2021,4.2M CHF,Undisclosed,Series B,,Switzerland,,,,,
Kandou,AI/ML,AI/ML,Unknown,AI,2021,75.0M USD,Series D,Growth,,Switzerland,,,,,
Bottneuro,Unknown,,Unknown,,2021,150.0K CHF,Undisclosed,Seed,,Switzerland,,,,,
Nanoleq,HEALTHCARE,,Unknown,"AI, Healthtech, AR/VR",2021,11.5M CHF,Undisclosed,Series C,,Switzerland,,,,,
DeepJudge,SOFTWARE,SaaS,B2B,"AI, SaaS",2021,150.0K CHF,Undisclosed,Seed,,Switzerland,,,,,
Biologics,HEALTHCARE,Pharma,Unknown,"AI, Biotech, AR/VR",2021,,Undisclosed,Early Stage,,Switzerland,,,,,
Embion,AI/ML,AI/ML,Unknown,AI,2021,4.5M CHF,Undisclosed,Series B,,Switzerland,,,,,
Largo,Unknown,,Unknown,AR/VR,2021,1.1M CHF,Seed,Seed,,Switzerland,,,,,
Hylomorph,MOBILITY,Electric Vehicles,Unknown,AR/VR,2021,5.2M CHF,Funding Round,Series B,Geneva Smart Invest,Switzerland,,,,,
Antefil,Unknown,,Unknown,,2021,150.0K CHF,Undisclosed,Seed,,Switzerland,,,,,
Versics,Unknown,,Unknown,,2021,150.0K CHF,Undisclosed,Seed,,Switzerland,,,,,
Inositec,HEALTHCARE,Pharma,Unknown,AR/VR,2021,,Undisclosed,Early Stage,,Switzerland,,,,,
Startups,AI/ML,AI/ML,Unknown,"AI, IoT, AR/VR",2021,10.0K CHF,Undisclosed,Pre-Seed,,Switzerland,,,,,
Augmented,AI/ML,AI/ML,B2B,"AI, Robotics, AR/VR",2021,40.0K CHF,Undisclosed,Pre-Seed,,Switzerland,,,,,
Sevensense,AI/ML,AI/ML,Unknown,"AI, Robotics",2021,7.7M USD,Series A,Series A,,Switzerland,,,,,
TYXIT,AI/ML,AI/ML,B2C,AI,2021,1.1M CHF,Undisclosed,Series A,,Switzerland,,,,,
Adaptricity,Unknown,,Unknown,,2021,,Undisclosed,Early Stage,,Switzerland,,,,,
Luya,AGTECH,,Unknown,Biotech,2021,,Seed,Seed,,Switzerland,,,,,
Startups,HEALTHCARE,,B2B,"SaaS, Healthtech, AR/VR",2021,10.0K CHF,Undisclosed,Pre-Seed,,Switzerland,,,,,
Daphne,CLEANTECH,Energy,Unknown,"Cleantech, AR/VR",2021,,Funding Round,Early Stage,,Switzerland,,,,,
Fixposition,AI/ML,AI/ML,Unknown,AI,2021,5.95M USD,Seed,Seed,,Switzerland,,,,,
Startups,AI/ML,AI/ML,Unknown,"AI, AR/VR",2021,10.0K CHF,Undisclosed,Pre-Seed,,Switzerland,,,,,
Sonect,FINTECH,,Unknown,"Fintech, AR/VR",2021,4.0M EUR,Undisclosed,Series B,,Switzerland,,,,,
Series,AI/ML,AI/ML,B2B,AI,2021,6.1M CHF,Series A,Series A,,Switzerland,,,,,
CO2,CLEANTECH,Climate Tech,Unknown,AR/VR,2021,40.0K CHF,Undisclosed,Pre-Seed,,Switzerland,,,,,
ONWARD,Unknown,,Unknown,AR/VR,2021,,Undisclosed,Early Stage,,Switzerland,,,,,
DeepPsy,Unknown,,Unknown,,2021,150.0K CHF,Undisclosed,Seed,,Switzerland,,,,,
Seervision,AI/ML,AI/ML,Unknown,"AI, AR/VR",2021,3.7M CHF,Undisclosed,Series B,,Switzerland,,,,,
InnoSpina,Unknown,,Unknown,,2021,150.0K CHF,Undisclosed,Seed,,Switzerland,,,,,
ArcoScreen,MOBILITY,Electric Vehicles,Unknown,AR/VR,2021,1.0M CHF,Undisclosed,Series A,,Switzerland,,,,,
Loop,HEALTHCARE,,Unknown,"AI, Healthtech, AR/VR",2021,6.4M USD,Series A,Series A,,Switzerland,,,,,
Tinamu,Unknown,,Unknown,AR/VR,2021,2.5M CHF,Seed,Seed,,Switzerland,,,,,
MindMaze,HEALTHCARE,Pharma,B2B,"SaaS, Biotech",2021,125.0M USD,Funding Round,Growth,,Switzerland,,,,,
Startups,INDUSTRIALS,,Unknown,"Robotics, AR/VR",2021,10.0K CHF,Undisclosed,Pre-Seed,,Switzerland,,,,,
B2B,SOFTWARE,Enterprise Software,B2B,AR/VR,2021,40.0K CHF,Undisclosed,Pre-Seed,,Switzerland,,,,,
Startups,SOFTWARE,Analytics,Unknown,"AI, AR/VR",2021,10.0K CHF,Undisclosed,Pre-Seed,,Switzerland,,,,,
MATIS,Unknown,,Unknown,AR/VR,2021,150.0K CHF,Undisclosed,Seed,,Switzerland,,,,,
Powerwheelchair,AI/ML,AI/ML,Unknown,AI,2021,8.5M CHF,Undisclosed,Series B,,Switzerland,,,,,
Alums,Unknown,,Unknown,AR/VR,2021,,Venture Kick Grant,Pre-Seed,,Switzerland,,,,,
Isochronic,INDUSTRIALS,,B2B,Robotics,2021,150.0K CHF,Undisclosed,Seed,,Switzerland,,,,,
Exomotion,AI/ML,AI/ML,Unknown,AI,2021,150.0K CHF,Undisclosed,Seed,,Switzerland,,,,,
Locatee,AI/ML,AI/ML,Unknown,"AI, AR/VR",2021,7.7M CHF,Undisclosed,Series B,,Switzerland,,,,,
Leukemia,INDUSTRIALS,,Unknown,AR/VR,2021,40.0K CHF,Undisclosed,Pre-Seed,,Switzerland,,,,,
BIONOMOUS,AI/ML,AI/ML,Unknown,AI,2021,1.3M CHF,Seed,Seed,Nivalis Group,Switzerland,,,,,
HemostOD,AI/ML,AI/ML,Unknown,AI,2021,1.7M CHF,Seed,Seed,,Switzerland,,,,,
VAY,Unknown,,Unknown,,2021,,Undisclosed,Early Stage,,Switzerland,,,,,
IDUN,Unknown,,Unknown,AR/VR,2021,2.0M CHF,Seed,Seed,,Switzerland,,,,,
Nemosia,Unknown,,Unknown,AR/VR,2021,150.0K CHF,Undisclosed,Seed,,Switzerland,,,,,
Startup,HEALTHCARE,,B2B,"IoT, Healthtech, AR/VR",2021,,Undisclosed,Early Stage,,Switzerland,,,,,
Travel,HEALTHCARE,,Unknown,"AI, Robotics",2021,2.2M USD,Undisclosed,Series A,,Switzerland,,,,,
Sleepiz,AI/ML,AI/ML,Unknown,AI,2021,4.4M CHF,Series A,Series A,,Switzerland,,,,,
ArcoScreen,MOBILITY,Electric Vehicles,Unknown,"Biotech, AR/VR",2021,150.0K CHF,Undisclosed,Seed,,Switzerland,,,,,
AI,HEALTHCARE,,B2C,"AI, Healthtech, AR/VR",2021,40.0K CHF,Undisclosed,Pre-Seed,,Switzerland,,,,,
Startups,SOFTWARE,SaaS,B2B,"AI, SaaS, Cleantech, AR/VR",2021,10.0K CHF,Undisclosed,Pre-Seed,,Switzerland,,,,,
NeuroCycle,HEALTHCARE,Pharma,Unknown,"AI, Biotech",2021,,Undisclosed,Early Stage,,Switzerland,,,,,
Exnaton,SOFTWARE,SaaS,B2B,"SaaS, Cleantech",2021,,Seed,Seed,,Switzerland,,,,,
Librec,AI/ML,AI/ML,Unknown,"AI, AR/VR",2021,3.0M CHF,Seed,Seed,,Switzerland,,,,,
AIbased,AI/ML,AI/ML,Unknown,"AI, Robotics",2021,40.0K CHF,Undisclosed,Pre-Seed,,Switzerland,,,,,
ELDICO,AI/ML,AI/ML,Unknown,"AI, AR/VR",2021,2.5M CHF,Undisclosed,Series A,,Switzerland,,,,,
Planted,AI/ML,AI/ML,Unknown,"AI, Biotech",2021,19.0M CHF,Undisclosed,Series C,,Switzerland,,,,,
Perovskia,CLEANTECH,Energy,Unknown,"Cleantech, AR/VR",2021,150.0K CHF,Undisclosed,Seed,,Switzerland,,,,,
VAY,Unknown,,Unknown,,2021,150.0K CHF,Undisclosed,Seed,,Switzerland,,,,,
Altoida,AI/ML,AI/ML,Unknown,"AI, AR/VR",2021,,Funding Round,Early Stage,,Switzerland,,,,,
Startups,HEALTHCARE,,Unknown,"IoT, Healthtech, AR/VR",2021,,Undisclosed,Early Stage,,Switzerland,,,,,
AgroSustain,AI/ML,AI/ML,Unknown,AI,2021,4.8M CHF,Series A,Series A,,Switzerland,,,,,
Zurich,Unknown,,Unknown,AR/VR,2021,,Undisclosed,Early Stage,,Switzerland,,,,,
Oxyle,AI/ML,AI/ML,Unknown,AI,2021,3.2M CHF,Funding Round,Series B,,Switzerland,,,,,
Resmonics,HEALTHCARE,Digital Health,Unknown,"Healthtech, AR/VR",2021,150.0K CHF,Undisclosed,Seed,,Switzerland,,,,,
Startups,HEALTHCARE,,B2B,"Healthtech, AR/VR",2021,10.0K CHF,Undisclosed,Pre-Seed,,Switzerland,,,,,
API,FINTECH,,Unknown,AR/VR,2021,40.0K CHF,Undisclosed,Pre-Seed,,Switzerland,,,,,
Startups,HEALTHCARE,,B2B,"SaaS, Healthtech, AR/VR",2021,10.0K CHF,Undisclosed,Pre-Seed,,Switzerland,,,,,
Enerdrape,Unknown,,Unknown,AR/VR,2021,150.0K CHF,Undisclosed,Seed,,Switzerland,,,,,
CoatChecker,Unknown,,Unknown,,2021,,Undisclosed,Early Stage,,Switzerland,,,,,
Modum,HEALTHCARE,Pharma,Unknown,"AI, AR/VR",2021,,Undisclosed,Early Stage,,Switzerland,,,,,
BioVersys,MOBILITY,Electric Vehicles,Unknown,"IoT, AR/VR",2021,15.34M USD,Undisclosed,Series C,,Switzerland,,,,,
MATIS,Unknown,,Unknown,,2021,40.0K CHF,Undisclosed,Pre-Seed,,Switzerland,,,,,
Startups,HEALTHCARE,,B2C,"AI, Healthtech, AR/VR",2021,10.0K CHF,Undisclosed,Pre-Seed,,Switzerland,,,,,
EarlySight,AI/ML,AI/ML,Unknown,"AI, AR/VR",2021,2.3M CHF,Undisclosed,Series A,,Switzerland,,,,,
Abologix,HEALTHCARE,Digital Health,Unknown,"Healthtech, AR/VR",2021,150.0K CHF,Undisclosed,Seed,,Switzerland,,,,,
CustomSurg,Unknown,,Unknown,AR/VR,2021,150.0K CHF,Undisclosed,Seed,,Switzerland,,,,,
HAYA,HEALTHCARE,Biotech,Unknown,"AI, Biotech, AR/VR",2021,18.0M CHF,Seed,Seed,,Switzerland,,,,,
CareerLunch,SOFTWARE,SaaS,B2B,"SaaS, AR/VR",2021,1.1M CHF,Undisclosed,Series A,,Switzerland,,,,,
Sleepiz,HEALTHCARE,MedTech,Unknown,Healthtech,2021,1.0M USD,Undisclosed,Series A,,Switzerland,,,,,
Qnami,AI/ML,AI/ML,Unknown,AI,2021,4.0M CHF,Undisclosed,Series B,,Switzerland,,,,,
FenX,AI/ML,AI/ML,Unknown,"AI, AR/VR",2021,2.7M CHF,Undisclosed,Series A,,Switzerland,,,,,
Infrared,Unknown,,Unknown,AR/VR,2021,,Undisclosed,Early Stage,,Switzerland,,,,,
Kaspar,Unknown,,Unknown,AR/VR,2021,,Pre-Seed,Pre-Seed,,Switzerland,,,,,
Cybersecurity,Unknown,,Unknown,Biotech,2021,,Funding Round,Early Stage,,Switzerland,,,,,
LifeMatrix,HEALTHCARE,Biotech,Unknown,Healthtech,2021,150.0K CHF,Funding Round,Seed,,Switzerland,,,,,
Scantrust,FINTECH,Crypto,B2B,"AI, Fintech, AR/VR",2021,,Undisclosed,Early Stage,,Switzerland,,,,,
Startups,SOFTWARE,SaaS,B2B,"AI, SaaS, Robotics, AR/VR",2021,10.0K CHF,Undisclosed,Pre-Seed,,Switzerland,,,,,
Alithea,Unknown,,Unknown,Biotech,2021,150.0K CHF,Undisclosed,Seed,,Switzerland,,,,,
ONWARD,AI/ML,AI/ML,Unknown,"AI, AR/VR",2021,32.0M USD,Undisclosed,Growth,,Switzerland,,,,,
Synendos,HEALTHCARE,Pharma,Unknown,Biotech,2021,24.0M CHF,Series A,Series A,,Switzerland,,,,,
BioVersys,MOBILITY,Electric Vehicles,Unknown,IoT,2021,20.0M EUR,Funding Round,Series C,,Switzerland,,,,,
Calciscon,HEALTHCARE,Digital Health,Unknown,"AI, Healthtech",2021,2.5M CHF,Series A,Series A,,Switzerland,,,,,
IDUN,HEALTHCARE,Digital Health,Unknown,Healthtech,2021,,Undisclosed,Early Stage,,Switzerland,,,,,
Virtual,MOBILITY,Electric Vehicles,B2B,,2021,,Undisclosed,Early Stage,,Switzerland,,,,,
Futurae,SOFTWARE,SaaS,B2B,"AI, SaaS, Biotech",2021,5.0M CHF,Undisclosed,Series B,,Switzerland,,,,,
Dräger,MOBILITY,Electric Vehicles,Unknown,AR/VR,2021,,Undisclosed,Early Stage,,Switzerland,,,,,
Mithras,AI/ML,AI/ML,Unknown,"AI, Cleantech",2021,,Seed,Seed,,Switzerland,,,,,
LIDAR,HEALTHCARE,MedTech,B2B,"AI, SaaS, Healthtech, AR/VR",2021,10.0K CHF,Undisclosed,Pre-Seed,,Switzerland,,,,,
NaturLoop,AI/ML,AI/ML,Unknown,AI,2021,150.0K CHF,Undisclosed,Seed,,Switzerland,,,,,
David,Unknown,,Unknown,AR/VR,2021,,Undisclosed,Early Stage,,Switzerland,,,,,
CompPair,AI/ML,AI/ML,Unknown,AI,2021,950.0K CHF,Undisclosed,Series A,,Switzerland,,,,,
Startups,CLEANTECH,Energy,Unknown,"IoT, Cleantech, AR/VR",2021,10.0K CHF,Undisclosed,Pre-Seed,,Switzerland,,,,,
Planted,SOFTWARE,SaaS,B2B,"AI, SaaS, Biotech",2021,17.0M CHF,Undisclosed,Series C,,Switzerland,,,,,
Apiax,AI/ML,AI/ML,Unknown,"AI, AR/VR",2021,,Undisclosed,Early Stage,,Switzerland,,,,,
AgroSustain,AI/ML,AI/ML,Unknown,AI,2021,2.4M EUR,Series A,Series A,,Switzerland,,,,,
SoHHytec,MOBILITY,Electric Vehicles,Unknown,,2021,150.0K CHF,Undisclosed,Seed,,Switzerland,,,,,
Neural,AI/ML,AI/ML,Unknown,"AI, AR/VR",2021,,Undisclosed,Early Stage,,Switzerland,,,,,
BioVersys,HEALTHCARE,,Unknown,Healthtech,2021,2.7M EUR,Undisclosed,Series A,,Switzerland,,,,,
Bloom,AI/ML,AI/ML,Unknown,"AI, Cleantech",2021,3.9M EUR,Seed,Seed,,Switzerland,,,,,
RAW,AI/ML,AI/ML,B2B,AI,2021,5.5M USD,Undisclosed,Series B,,Switzerland,,,,,
Startups,FINTECH,Insurance,B2C,"AI, Healthtech, AR/VR",2021,10.0K CHF,Undisclosed,Pre-Seed,,Switzerland,,,,,
WealthArc,Unknown,,Unknown,AR/VR,2021,4.0M USD,Series A,Series A,,Switzerland,,,,,
TOP,CLEANTECH,Climate Tech,Unknown,"Cleantech, AR/VR",2021,,Undisclosed,Early Stage,,Switzerland,,,,,
Two,Unknown,,Unknown,AR/VR,2021,,Undisclosed,Early Stage,,Switzerland,,,,,
Neurosoft,MOBILITY,Electric Vehicles,Unknown,,2021,150.0K CHF,Undisclosed,Seed,,Switzerland,,,,,
Microcaps,Unknown,,B2B,,2021,5.0M CHF,Funding Round,Series B,,Switzerland,,,,,
Startups,FINTECH,Payments,B2B,"SaaS, AR/VR",2021,10.0K CHF,Undisclosed,Pre-Seed,,Switzerland,,,,,
SurgeonsLab,HEALTHCARE,,Unknown,Healthtech,2021,150.0K CHF,Undisclosed,Seed,,Switzerland,,,,,
Respiratory,HEALTHCARE,,Unknown,"Healthtech, AR/VR",2021,,Pre-Seed,Pre-Seed,,Switzerland,,,,,
Startups,SOFTWARE,,Unknown,"AI, Healthtech, AR/VR",2021,10.0K CHF,Undisclosed,Pre-Seed,,Switzerland,,,,,
AIbased,SOFTWARE,SaaS,B2B,"AI, SaaS, Cleantech, AR/VR",2021,40.0K CHF,Undisclosed,Pre-Seed,,Switzerland,,,,,
Startups,SOFTWARE,,Unknown,"Robotics, AR/VR",2020,10.0K CHF,Undisclosed,Pre-Seed,,Switzerland,,,,,
Flyability,Unknown,,Unknown,,2020,,Series C,Series C,,Switzerland,,,,,
Gilytics,CLEANTECH,Energy,Unknown,Cleantech,2020,1.0M CHF,Seed,Seed,,Switzerland,,,,,
DePoly,AI/ML,AI/ML,Unknown,AI,2020,1.3M CHF,Pre-Seed,Pre-Seed,,Switzerland,,,,,
MaxWell,INDUSTRIALS,,B2B,,2020,4.0M CHF,Series A,Series A,,Switzerland,,,,,
MeduSoil,Unknown,,Unknown,,2020,2.0M CHF,Seed,Seed,,Switzerland,,,,,
Miraex,Unknown,,Unknown,"IoT, AR/VR",2020,150.0K CHF,Undisclosed,Seed,,Switzerland,,,,,
XRnanotech,Unknown,,Unknown,Biotech,2020,150.0K CHF,Undisclosed,Seed,,Switzerland,,,,,
RetinAI,AI/ML,AI/ML,Unknown,"AI, AR/VR",2020,,Undisclosed,Early Stage,,Switzerland,,,,,
Lymphatica,HEALTHCARE,MedTech,Unknown,"AI, Healthtech, AR/VR",2020,,Series A,Series A,,Switzerland,,,,,
Synthara,SOFTWARE,,Unknown,"AI, AR/VR",2020,,Seed,Seed,,Switzerland,,,,,
Miraex,INDUSTRIALS,,B2B,AR/VR,2020,2.8M CHF,Undisclosed,Series A,,Switzerland,,,,,
Terapet,HEALTHCARE,,Unknown,"Healthtech, AR/VR",2020,500.0K EUR,Undisclosed,Series A,,Switzerland,,,,,
Comphya,HEALTHCARE,,Unknown,"AI, Healthtech",2020,1.3M CHF,Undisclosed,Series A,,Switzerland,,,,,
Regenosca,Unknown,,Unknown,,2020,150.0K CHF,Undisclosed,Seed,,Switzerland,,,,,
Startups,SOFTWARE,,Unknown,"AI, Biotech, Robotics, AR/VR",2020,10.0K CHF,Undisclosed,Pre-Seed,,Switzerland,,,,,
Bionomous,ROBOTICS,Industrial Robotics,Unknown,Robotics,2020,150.0K CHF,Undisclosed,Seed,,Switzerland,,,,,
SEED,Unknown,,Unknown,,2020,1.0M CHF,Series A,Series A,,Switzerland,,,,,
Kandou,AI/ML,AI/ML,Unknown,"AI, AR/VR",2020,92.3M USD,Series C,Series C,,Switzerland,,,,,
CREAL,MOBILITY,Electric Vehicles,Unknown,,2020,6.5M CHF,Funding Round,Series B,,Switzerland,,,,,
Synendos,HEALTHCARE,Pharma,Unknown,"AI, Biotech",2020,20.0M CHF,Series A,Series A,,Switzerland,,,,,
Volkswirtschaftsstiftung,Unknown,,Unknown,,2020,,Undisclosed,Early Stage,,Switzerland,,,,,
Startups,SOFTWARE,SaaS,B2C,"AI, SaaS, AR/VR",2020,10.0K CHF,Undisclosed,Pre-Seed,,Switzerland,,,,,
UniSieve,MOBILITY,Electric Vehicles,Unknown,,2020,4.6M USD,Funding Round,Series B,,Switzerland,,,,,
Online,MOBILITY,Electric Vehicles,B2B,AR/VR,2020,,Undisclosed,Early Stage,,Switzerland,,,,,
PCR,HEALTHCARE,Pharma,Unknown,"Biotech, AR/VR",2020,40.0K CHF,Undisclosed,Pre-Seed,,Switzerland,,,,,
Startups,SOFTWARE,SaaS,B2B,"AI, SaaS, AR/VR",2020,10.0K CHF,Undisclosed,Pre-Seed,,Switzerland,,,,,
SmartHelio,AI/ML,AI/ML,Unknown,"AI, Cleantech, AR/VR",2020,150.0K CHF,Undisclosed,Seed,,Switzerland,,,,,
Araris,HEALTHCARE,Biotech,Unknown,"AI, Biotech, IoT, AR/VR",2020,15.2M CHF,Undisclosed,Series C,,Switzerland,,,,,
Bota,ROBOTICS,,Unknown,Robotics,2020,150.0K CHF,Undisclosed,Seed,,Switzerland,,,,,
Climeworks,MOBILITY,Electric Vehicles,Unknown,,2020,,Undisclosed,Early Stage,,Switzerland,,,,,
Each,CLEANTECH,,Unknown,"Robotics, AR/VR",2020,40.0K CHF,Undisclosed,Pre-Seed,,Switzerland,,,,,
TOP,Unknown,,Unknown,AR/VR,2020,,Venture Kick Grant,Pre-Seed,,Switzerland,,,,,
AMAL,HEALTHCARE,Biotech,Unknown,"Biotech, IoT",2020,,Undisclosed,Early Stage,,Switzerland,,,,,
CareerLunch,SOFTWARE,SaaS,B2B,"SaaS, AR/VR",2020,150.0K CHF,Undisclosed,Seed,,Switzerland,,,,,
Swiss,HEALTHCARE,Biotech,Unknown,"Biotech, IoT, AR/VR",2020,,Undisclosed,Early Stage,,Switzerland,,,,,
Startups,HEALTHCARE,MedTech,B2B,"AI, SaaS, IoT, Healthtech, Cleantech, AR/VR",2020,10.0K CHF,Undisclosed,Pre-Seed,,Switzerland,,,,,
EBAMed,MOBILITY,Electric Vehicles,Unknown,AR/VR,2020,2.4M EUR,Undisclosed,Series A,,Switzerland,,,,,
Vatorex,SOFTWARE,SaaS,B2B,"SaaS, AR/VR",2020,1.6M EUR,Undisclosed,Series A,,Switzerland,,,,,
Voliro,AI/ML,AI/ML,Unknown,AI,2020,2.0M CHF,Undisclosed,Series A,,Switzerland,,,,,
Startup,Unknown,,Unknown,AR/VR,2020,,Undisclosed,Early Stage,,Switzerland,,,,,
Polyneuron,AI/ML,AI/ML,Unknown,AI,2020,36.5M CHF,Series A,Series A,,Switzerland,,,,,
Dotphoton,HEALTHCARE,Biotech,Unknown,"AI, Biotech, IoT, AR/VR",2020,,Series A,Series A,,Switzerland,,,,,
Alums,Unknown,,Unknown,AR/VR,2020,,Venture Kick Grant,Pre-Seed,,Switzerland,,,,,
Startups,AI/ML,AI/ML,Unknown,"AI, AR/VR",2020,40.0K CHF,Undisclosed,Pre-Seed,,Switzerland,,,,,
Climeworks,AI/ML,AI/ML,Unknown,AI,2020,100.0M CHF,Undisclosed,Growth,,Switzerland,,,,,
BioVersys,HEALTHCARE,,Unknown,Healthtech,2020,19.0M CHF,Funding Round,Series C,,Switzerland,,,,,
Terapets,HEALTHCARE,Digital Health,Unknown,Healthtech,2020,150.0K CHF,Undisclosed,Seed,,Switzerland,,,,,
Tinamu,Unknown,,Unknown,,2020,1.1M CHF,Seed,Seed,,Switzerland,,,,,
Scale,Unknown,,Unknown,AR/VR,2020,,Undisclosed,Early Stage,,Switzerland,,,,,
Startups,HEALTHCARE,Biotech,Unknown,"Healthtech, AR/VR",2020,40.0K CHF,Undisclosed,Pre-Seed,,Switzerland,,,,,
Startups,MOBILITY,Electric Vehicles,Unknown,AR/VR,2020,10.0K CHF,Undisclosed,Pre-Seed,,Switzerland,,,,,
Biologics,INDUSTRIALS,,Unknown,AR/VR,2020,150.0K CHF,Undisclosed,Seed,,Switzerland,,,,,
Bloom,CLEANTECH,Energy,Unknown,Cleantech,2020,,Seed,Seed,,Switzerland,,,,,
Technis,AI/ML,AI/ML,Unknown,AI,2020,3.2M CHF,Undisclosed,Series B,,Switzerland,,,,,
Series,AI/ML,AI/ML,Unknown,AI,2020,1.75M CHF,Series A,Series A,,Switzerland,,,,,
Startups,HEALTHCARE,Biotech,Unknown,"Healthtech, AR/VR",2020,10.0K CHF,Undisclosed,Pre-Seed,,Switzerland,,,,,
Series,AI/ML,AI/ML,Unknown,AI,2020,5.1M CHF,Series A,Series A,,Switzerland,,,,,
Startups,SOFTWARE,Analytics,Unknown,AR/VR,2020,40.0K CHF,Undisclosed,Pre-Seed,,Switzerland,,,,,
LogicFlow,MOBILITY,Electric Vehicles,Unknown,Robotics,2020,150.0K CHF,Undisclosed,Seed,,Switzerland,,,,,
ELDICO,MOBILITY,Electric Vehicles,Unknown,,2020,150.0K CHF,Undisclosed,Seed,,Switzerland,,,,,
Gnubiotics,AI/ML,AI/ML,Unknown,"AI, IoT",2020,2.6M CHF,Series A1,Series A,,Switzerland,,,,,
Insolight,Unknown,,Unknown,AR/VR,2020,5.0M CHF,Series A,Series A,,Switzerland,,,,,
Calciscon,AI/ML,AI/ML,Unknown,AI,2020,600.0K CHF,Series A,Series A,,Switzerland,,,,,
Series,SOFTWARE,SaaS,B2B,SaaS,2020,,Series A,Series A,,Switzerland,,,,,
ARTIRIA,HEALTHCARE,,Unknown,"AI, Healthtech, AR/VR",2020,3.0M CHF,Undisclosed,Series B,,Switzerland,,,,,
Beekeeper,Unknown,,Unknown,,2020,10.0M USD,Series B,Series B,,Switzerland,,,,,
Startups,HEALTHCARE,MedTech,Unknown,"AI, Healthtech, Robotics, AR/VR",2020,10.0K CHF,Undisclosed,Pre-Seed,,Switzerland,,,,,
Positrigo,AI/ML,AI/ML,Unknown,AI,2020,6.0M CHF,Undisclosed,Series B,,Switzerland,,,,,
Each,MOBILITY,Electric Vehicles,Unknown,"IoT, AR/VR",2020,40.0K CHF,Undisclosed,Pre-Seed,,Switzerland,,,,,
PharmaBiome,HEALTHCARE,Pharma,Unknown,"AI, Healthtech, AR/VR",2020,1.75M CHF,Undisclosed,Series A,,Switzerland,,,,,
Resistell,Unknown,,Unknown,,2020,,Funding Round,Early Stage,,Switzerland,,,,,
Terapet,HEALTHCARE,MedTech,Unknown,Healthtech,2020,,Seed,Seed,,Switzerland,,,,,
Startups,AI/ML,AI/ML,Unknown,"AI, IoT, Cleantech, Robotics, AR/VR",2020,10.0K CHF,Undisclosed,Pre-Seed,,Switzerland,,,,,
Startups,HEALTHCARE,Digital Health,Unknown,"Healthtech, AR/VR",2020,40.0K CHF,Undisclosed,Pre-Seed,,Switzerland,,,,,
Pregnolia,AI/ML,AI/ML,Unknown,AI,2020,4.2M CHF,Undisclosed,Series B,,Switzerland,,,,,
Startups,HEALTHCARE,Pharma,B2B,"AI, SaaS, Biotech, Cleantech, AR/VR",2020,10.0K CHF,Undisclosed,Pre-Seed,,Switzerland,,,,,
Alogo,Unknown,,Unknown,,2020,,Funding Round,Early Stage,,Switzerland,,,,,
MOBBOT,AI/ML,AI/ML,Unknown,AI,2020,2.9M CHF,Seed,Seed,,Switzerland,,,,,
Startups,HEALTHCARE,,Unknown,"AI, Healthtech, AR/VR",2020,40.0K CHF,Undisclosed,Pre-Seed,,Switzerland,,,,,
Scailyte,AI/ML,AI/ML,Unknown,AI,2020,,Series A,Series A,,Switzerland,,,,,
How,AI/ML,AI/ML,Unknown,"AI, Cleantech, AR/VR",2020,,Undisclosed,Early Stage,,Switzerland,,,,,
CUTISS,Unknown,,Unknown,,2020,,Series B,Series B,,Switzerland,,,,,
IDUN,AI/ML,AI/ML,Unknown,AI,2020,,Seed,Seed,,Switzerland,,,,,
Climeworks,AI/ML,AI/ML,Unknown,"AI, AR/VR",2020,73.0M CHF,Funding Round,Growth,,Switzerland,,,,,
Scandit,AI/ML,AI/ML,Unknown,"AI, AR/VR",2020,80.0M USD,Undisclosed,Growth,,Switzerland,,,,,
Startups,HEALTHCARE,Digital Health,B2C,"AI, Healthtech, AR/VR",2020,10.0K CHF,Undisclosed,Pre-Seed,,Switzerland,,,,,
Startups,MOBILITY,Electric Vehicles,Unknown,AR/VR,2020,40.0K CHF,Undisclosed,Pre-Seed,,Switzerland,,,,,
Adiposs,ROBOTICS,,Unknown,"Robotics, AR/VR",2020,150.0K CHF,Undisclosed,Seed,,Switzerland,,,,,
Scale,Unknown,,Unknown,AR/VR,2020,,Undisclosed,Early Stage,,Switzerland,,,,,
Becomes,AI/ML,AI/ML,Unknown,AI,2020,,Series A,Series A,,Switzerland,,,,,
Locatee,Unknown,,Unknown,,2020,4.0M USD,Series A,Series A,,Switzerland,,,,,
Zippsafe,Unknown,,Unknown,AR/VR,2020,3.0M CHF,Funding Round,Series B,,Switzerland,,,,,
ELDICO,AI/ML,AI/ML,Unknown,AI,2020,1.5M CHF,Undisclosed,Series A,,Switzerland,,,,,
TOP,HEALTHCARE,,Unknown,"AI, Healthtech, AR/VR",2020,,Funding Round,Early Stage,,Switzerland,,,,,
Startups,MOBILITY,Electric Vehicles,Unknown,"Robotics, AR/VR",2020,40.0K CHF,Undisclosed,Pre-Seed,,Switzerland,,,,,
Startups,Unknown,,Unknown,AR/VR,2020,10.0K CHF,Undisclosed,Pre-Seed,,Switzerland,,,,,
Swiss,Unknown,,Unknown,AR/VR,2020,,Undisclosed,Early Stage,,Switzerland,,,,,
Swiss,HEALTHCARE,Biotech,Unknown,"Biotech, IoT, AR/VR",2020,,Undisclosed,Early Stage,,Switzerland,,,,,
Lunaphore,Unknown,,Unknown,,2020,2.0M CHF,Series C2,Series C,,Switzerland,,,,,
Uepaas,Unknown,,Unknown,,2020,,Undisclosed,Early Stage,,Switzerland,,,,,
CyanoGuard,AI/ML,AI/ML,Unknown,"AI, AR/VR",2020,3.0M CHF,Undisclosed,Series B,,Switzerland,,,,,
AVAtronics,AI/ML,AI/ML,Unknown,AI,2020,1.6M CHF,Undisclosed,Series A,,Switzerland,,,,,
Annaida,AI/ML,AI/ML,Unknown,AI,2020,1.0M CHF,Undisclosed,Series A,,Switzerland,,,,,
Startups,SOFTWARE,Analytics,Unknown,AR/VR,2020,10.0K CHF,Undisclosed,Pre-Seed,,Switzerland,,,,,
Flybotix,AI/ML,AI/ML,Unknown,"AI, AR/VR",2020,1.5M CHF,Undisclosed,Series A,,Switzerland,,,,,
Startups,AI/ML,AI/ML,Unknown,"AI, IoT, AR/VR",2020,40.0K CHF,Undisclosed,Pre-Seed,,Switzerland,,,,,
COVID19,HEALTHCARE,Digital Health,Unknown,Healthtech,2020,,Undisclosed,Early Stage,,Switzerland,,,,,
Wulf,CLEANTECH,,Unknown,,2020,,Undisclosed,Early Stage,,Switzerland,,,,,
STIMITs,HEALTHCARE,Digital Health,Unknown,Healthtech,2020,,Undisclosed,Early Stage,,Switzerland,,,,,
Great,Unknown,,Unknown,AR/VR,2020,,Undisclosed,Early Stage,,Switzerland,,,,,
Startups,HEALTHCARE,,Unknown,"AI, Healthtech, Cleantech, AR/VR",2020,40.0K CHF,Undisclosed,Pre-Seed,,Switzerland,,,,,
Startups,HEALTHCARE,Digital Health,Unknown,"IoT, Healthtech, AR/VR",2020,10.0K CHF,Undisclosed,Pre-Seed,,Switzerland,,,,,
TOP,AI/ML,AI/ML,Unknown,AI,2020,25.0M USD,Venture Kick Grant,Pre-Seed,,Switzerland,,,,,
Skypull,Unknown,,Unknown,,2020,,Funding Round,Early Stage,,Switzerland,,,,,
Alumn,AI/ML,AI/ML,Unknown,"AI, AR/VR",2020,550.0K CHF,Seed,Seed,,Switzerland,,,,,
Three,Unknown,,Unknown,AR/VR,2020,40.0K CHF,Undisclosed,Pre-Seed,,Switzerland,,,,,
Startups,HEALTHCARE,,Unknown,"AI, Healthtech, AR/VR",2020,10.0K CHF,Undisclosed,Pre-Seed,,Switzerland,,,,,
TOP,AI/ML,AI/ML,Unknown,"AI, AR/VR",2020,23.0M CHF,Series C,Series C,,Switzerland,,,,,
Startups,AI/ML,AI/ML,Unknown,"AI, AR/VR",2020,,Venture Kick Grant,Pre-Seed,,Switzerland,,,,,
Startups,CLEANTECH,Energy,Unknown,"Cleantech, AR/VR",2020,40.0K CHF,Undisclosed,Pre-Seed,,Switzerland,,,,,
Startups,SOFTWARE,,Unknown,"AI, AR/VR",2020,10.0K CHF,Undisclosed,Pre-Seed,,Switzerland,,,,,
Two,CLEANTECH,Energy,Unknown,"Healthtech, Cleantech, AR/VR",2020,150.0K CHF,Undisclosed,Seed,,Switzerland,,,,,
Three,HEALTHCARE,,Unknown,"Healthtech, AR/VR",2020,40.0K CHF,Undisclosed,Pre-Seed,,Switzerland,,,,,
Startups,AI/ML,AI/ML,Unknown,"AI, Robotics, AR/VR",2020,10.0K CHF,Undisclosed,Pre-Seed,,Switzerland,,,,,
Exit,HEALTHCARE,MedTech,Unknown,Robotics,2020,,Undisclosed,Early Stage,,Switzerland,,,,,
